canton;link
freiburg;https://www.fr.ch/de/staat-und-recht/gesetzgebung/publikationen-ueber-familienpolitik-und-gleichsstellung
freiburg;https://www.fr.ch/de/kub/dienstleistungen-und-infrastruktur-der-kub-beauregard
freiburg;https://www.fr.ch/de/raum-planung-und-bau/karten-plaene-kataster-und-geomatik/dsk2-hifle-benutzerhandbuch-dsk2/dsk2-hilfe-erstellen-und-ausdrucken-eines-akts-verbals/dsk2-hilfe-leitfaden-zur-erfassung-eines-akts-5
freiburg;https://www.fr.ch/de/polizei-und-sicherheit/bevoelkerungsschutz/stromversorgungsunterbruch
freiburg;https://www.fr.ch/de/rimu/afu/news/zusatzbericht-des-staatsrats-zum-entwurf-des-kantonalen-klimagesetzes-klimg
freiburg;https://www.fr.ch/de/raum-planung-und-bau/karten-plaene-kataster-und-geomatik/dsk2-hifle-benutzerhandbuch-dsk2/dsk2-hilfe-navigationprinzipien
freiburg;https://www.fr.ch/de/grangeneuve/berufsbildungsgaenge-in-grangeneuve
freiburg;https://www.fr.ch/de/raum-planung-und-bau/karten-plaene-kataster-und-geomatik/dsk2-hifle-benutzerhandbuch-dsk2/dsk2-hilfe-erstellen-und-ausdrucken-eines-akts-verbals/dks2-leitfaden-zur-erfassung-eines-akts
freiburg;https://www.fr.ch/de/raum-planung-und-bau/karten-plaene-kataster-und-geomatik/dsk2-hifle-benutzerhandbuch-dsk2/dsk2-hilfe-dem-vga-vorbehaltene-aktionen
freiburg;https://www.fr.ch/de/raum-planung-und-bau/karten-plaene-kataster-und-geomatik/dsk2-hifle-benutzerhandbuch-dsk2/dsk2-hilfe-canofile-dokumenten-suchen
freiburg;https://www.fr.ch/de/steuern/natuerliche-personen/vermoegen-im-ausland-steuer-der-natuerlichen-personen
freiburg;https://www.fr.ch/de/staat-und-recht/gesetzgebung/redaktion-und-gesetzestechnik
freiburg;https://www.fr.ch/de/raum-planung-und-bau/karten-plaene-kataster-und-geomatik/dsk2-hifle-benutzerhandbuch-dsk2/dsk2-hilfe-erstellen-und-ausdrucken-eines-akts-verbals/dsk2-hilfe-leitfaden-zur-erfassung-eines-akts-10
freiburg;https://www.fr.ch/de/emf/schulleben
freiburg;https://www.fr.ch/de/energie-landwirtschaft-und-umwelt/landwirtschaft-und-nutztiere/sammelstellen-fuer-tierische-abfaelle
freiburg;https://www.fr.ch/de/raum-planung-und-bau/karten-plaene-kataster-und-geomatik/dsk2-hifle-benutzerhandbuch-dsk2/dsk2-hilfe-erstellen-und-ausdrucken-eines-akts-verbals/dsk2-hilfe-leitfaden-zur-erfassung-eines-akts-2
freiburg;https://www.fr.ch/de/raum-planung-und-bau/karten-plaene-kataster-und-geomatik/dsk2-hifle-benutzerhandbuch-dsk2
freiburg;https://www.fr.ch/de/raum-planung-und-bau/karten-plaene-kataster-und-geomatik/dsk2-hifle-benutzerhandbuch-dsk2/dsk2-hilfe-erstellen-und-ausdrucken-eines-akts-verbals/dsk2-hilfe-leitfaden-zur-erfassung-eines-akts-6
freiburg;https://www.fr.ch/de/raum-planung-und-bau/karten-plaene-kataster-und-geomatik/dsk2-hifle-benutzerhandbuch-dsk2/dsk2-hilfe-erstellen-und-ausdrucken-eines-akts-verbals
freiburg;https://www.fr.ch/de/bildung-und-schulen/berufsbildung/essg-o365-und-teams
freiburg;https://www.fr.ch/de/raum-planung-und-bau/karten-plaene-kataster-und-geomatik/dsk2-hifle-benutzerhandbuch-dsk2/dsk2-hilfe-honorarordnung-ho33
freiburg;https://www.fr.ch/de/raum-planung-und-bau/karten-plaene-kataster-und-geomatik/dsk2-hifle-benutzerhandbuch-dsk2/dsk2-hilfe-einfuehrung
freiburg;https://www.fr.ch/de/find/artikel
freiburg;https://www.fr.ch/de/essg/artikel
freiburg;https://www.fr.ch/de/vwbd/afe/grossverbraucher
freiburg;https://www.fr.ch/de/raum-planung-und-bau/karten-plaene-kataster-und-geomatik/dsk2-hifle-benutzerhandbuch-dsk2/dsk2-hilfe-erstellen-und-ausdrucken-eines-akts-verbals/dsk2-hilfe-leitfaden-zur-erfassung-eines-akts-8
freiburg;https://www.fr.ch/de/bildung-und-schulen/berufsbildung/fuer-lehrbetriebe/lehrvertrag
freiburg;https://www.fr.ch/de/bildung-und-schulen/mittelschulen/gymnasiale-maturitaet
freiburg;https://www.fr.ch/de/gibs/lernende
freiburg;https://www.fr.ch/de/steuern/natuerliche-personen/steuern-der-natuerlichen-personen-spezifische-themen
freiburg;https://www.fr.ch/de/raum-planung-und-bau/karten-plaene-kataster-und-geomatik/dsk2-hifle-benutzerhandbuch-dsk2/dsk2-hilfe-honorarordnung-ho33/dsk2-hilfe-formular-ho33
freiburg;https://www.fr.ch/de/raum-planung-und-bau/karten-plaene-kataster-und-geomatik/dsk2-hifle-benutzerhandbuch-dsk2/dsk2-hilfe-erstellen-und-ausdrucken-eines-akts-verbals/dsk2-hilfe-leitfaden-zur-erfassung-eines-akts-4
freiburg;https://www.fr.ch/de/rimu/afu/news/um-sich-gemuetlich-vor-dem-kamin-aufzuwaermen-und-gleichzeitig-die-luftbelastung-zu-senken
freiburg;https://www.fr.ch/de/staat-und-recht/gemeinden/handbuch-fuer-die-vorsteherinnen-und-vorsteher-der-einwohnerkontrolle
freiburg;https://www.fr.ch/de/raum-planung-und-bau/karten-plaene-kataster-und-geomatik/dsk2-hifle-benutzerhandbuch-dsk2/dsk2-hilfe-honorarordnung-ho33/dsk2-hilfe-verwaltung-ho33
freiburg;https://www.fr.ch/de/polizei-und-sicherheit/bevoelkerungsschutz/versorgungskrisen
freiburg;https://www.fr.ch/de/rimu/rubd-ne/antenne-nachhaltige-quartiere/toolbox-nachhaltige-quartiere-0/werkzeuge-resilientes-quartier
freiburg;https://www.fr.ch/de/raum-planung-und-bau/karten-plaene-kataster-und-geomatik/dsk2-hifle-benutzerhandbuch-dsk2/dsk2-hilfe-erstellen-und-ausdrucken-eines-akts-verbals/dsk-2-hilfe-leitfaden-zur-eroeffnung-bdmo
freiburg;https://www.fr.ch/de/raum-planung-und-bau/karten-plaene-kataster-und-geomatik/dsk2-hifle-benutzerhandbuch-dsk2/dsk2-hilfe-erstellen-und-ausdrucken-eines-akts-verbals/dsk2-hilfe-leitfaden-zur-erfassung-eines-akts-9
freiburg;https://www.fr.ch/de/kbs/nachteilsausgleich
freiburg;https://www.fr.ch/de/polizei-und-sicherheit/bevoelkerungsschutz/gafri
freiburg;https://www.fr.ch/de/rimu/rubd-ne/antenne-nachhaltige-quartiere/toolbox-nachhaltige-quartiere-0/allgemeine-instrumente
freiburg;https://www.fr.ch/de/energie-landwirtschaft-und-umwelt/klima/news
freiburg;https://www.fr.ch/de/bildung-und-schulen/obligatorische-schule/obligatorische-schule-organisation-und-ablauf-3-zyklus
freiburg;https://www.fr.ch/de/raum-planung-und-bau/karten-plaene-kataster-und-geomatik/dsk2-hifle-benutzerhandbuch-dsk2/dsk2-hilfe-erstellen-und-ausdrucken-eines-akts-verbals/dsk2-hilfe-leitfaden-zur-erfassung-eines-akts-12
freiburg;https://www.fr.ch/de/raum-planung-und-bau/karten-plaene-kataster-und-geomatik/dsk2-hifle-benutzerhandbuch-dsk2/dsk2-hilfe-erstellen-und-ausdrucken-eines-akts-verbals/dsk2-hilfe-leitfaden-fuer-die-erfassung-eines-akts
freiburg;https://www.fr.ch/de/find/vga/datei/richtlinien-dokumentationen-und-links-av
freiburg;https://www.fr.ch/de/sjsd/spa/news/bergwandern-selbstueberschaetzung-kann-gefaehrlich-sein
freiburg;https://www.fr.ch/de/news?fuseaction_pre=List&page=5
freiburg;https://www.fr.ch/de/raum-planung-und-bau/karten-plaene-kataster-und-geomatik/av-richtlinien
freiburg;https://bdlf.fr.ch/app/de/texts_of_law/741.11/versions/5918?all_languages=true&diff=split
freiburg;https://www.fr.ch/de/raum-planung-und-bau/karten-plaene-kataster-und-geomatik/dsk2-hifle-benutzerhandbuch-dsk2/dsk2-hilfe-erstellen-und-ausdrucken-eines-akts-verbals/abrechnung-von-gebuehren
freiburg;https://www.fr.ch/de/raum-planung-und-bau/karten-plaene-kataster-und-geomatik/dsk2-hifle-benutzerhandbuch-dsk2/dsk2-hilfe-grundstuecksuche
freiburg;https://www.fr.ch/de/steuern/natuerliche-personen/fritax/fritax-faq
freiburg;https://www.fr.ch/de/raum-planung-und-bau/karten-plaene-kataster-und-geomatik/dsk2-hifle-benutzerhandbuch-dsk2/dsk2-hilfe-erstellen-und-ausdrucken-eines-akts-verbals/abrechnung-ho33
freiburg;https://www.fr.ch/de/alltag/vorgehen-und-dokumente/sonder-und-sozialpaedagogische-institutionen-des-kantons-freiburg-dokumente
freiburg;https://www.fr.ch/de/raum-planung-und-bau/baubewilligung-und-bewilligungen/friac
freiburg;https://www.fr.ch/de/find/kstv/news/allgemeine-wegleitung-zur-steuererklaerung-fuer-natuerliche-personen
freiburg;https://www.fr.ch/de/vwbd/bba/waehrend-der-lehre/qualifikationsverfahren-pruefungen
freiburg;https://www.fr.ch/de/raum-planung-und-bau/karten-plaene-kataster-und-geomatik/dsk2-hifle-benutzerhandbuch-dsk2/dsk2-hilfe-erstellen-und-ausdrucken-eines-akts-verbals/dsk2-hilfe-leitfaden-zur-erfassung-eines-akts-3
freiburg;https://www.fr.ch/de/rimu/afu/news/klima-ein-wegweiser-fuer-den-umgang-mit-staedtischen-hitzeinseln
freiburg;https://www.fr.ch/de/raum-planung-und-bau/karten-plaene-kataster-und-geomatik/dsk2-hifle-benutzerhandbuch-dsk2/dsk2-hilfe-erstellen-und-ausdrucken-eines-akts-verbals/dsk2-hilfe-leitfaden-zur-erfassung-eines-akts-7
freiburg;https://www.fr.ch/de/raum-planung-und-bau/karten-plaene-kataster-und-geomatik/dsk2-hifle-benutzerhandbuch-dsk2/dsk2-hilfe-aktensuche
freiburg;https://www.fr.ch/de/raum-planung-und-bau/karten-plaene-kataster-und-geomatik/dsk2-hifle-benutzerhandbuch-dsk2/dsk2-hilfe-erstellen-und-ausdrucken-eines-akts-verbals/dsk2-hilfe-leitfaden-zur-erfassung-eines-akts-1
freiburg;https://www.fr.ch/de/raum-planung-und-bau/karten-plaene-kataster-und-geomatik/dsk2-hifle-benutzerhandbuch-dsk2/dsk2-hilfe-erstellen-und-ausdrucken-eines-akts-verbals/dsk2-hilfe-leitfaden-zur-erfassung-eines-akts-0
freiburg;https://www.fr.ch/de/raum-planung-und-bau/karten-plaene-kataster-und-geomatik/dsk2-hifle-benutzerhandbuch-dsk2/dks2-hilfe-verfahren-zur-verwaltung-der-akten
freiburg;https://www.fr.ch/de/raum-planung-und-bau/karten-plaene-kataster-und-geomatik/dsk2-hifle-benutzerhandbuch-dsk2/dsk2-hilfe-erstellen-und-ausdrucken-eines-akts-verbals/dsk2-hilfe-leitfaden-zur-erfassung-eines-akts
freiburg;https://www.fr.ch/de/sjsd/azsm/datei/fuehrung-im-katastrophenfall
freiburg;https://www.fr.ch/de/gesundheit/vorbeugung-und-foerderung/ressourcen-partner
freiburg;https://www.fr.ch/de/raum-planung-und-bau/karten-plaene-kataster-und-geomatik/dsk2-hifle-benutzerhandbuch-dsk2/dsk2-hilfe-einfuehrung-0
freiburg;https://www.fr.ch/de/raum-planung-und-bau/raum/konsultation-und-download
freiburg;https://www.fr.ch/de/vwbd/bba/waehrend-der-lehre/die-berufslehre-ein-neuer-lebensabschnitt-beginnt
freiburg;https://www.fr.ch/de/raum-planung-und-bau/karten-plaene-kataster-und-geomatik/dsk2-hifle-benutzerhandbuch-dsk2/dsk2-hilfe-funktionsknoepfe
freiburg;https://www.fr.ch/de/essg/essg-unterstuetzung-waehrend-der-ausbildung
freiburg;https://www.fr.ch/de/bildung-und-schulen/berufsbildung/fuer-lehrbetriebe/lehrbetrieb-werden
solothurn;https://so.ch/startseite/aktuell/news/bundesgericht-stuetzt-bemessung-von-taxen-im-bereich-der-pflege/
solothurn;https://so.ch/verwaltung/departement-des-innern/migrationsamt/aufenthalt-und-integration/konsequenzen-der-nichteinhaltung/
solothurn;https://so.ch/verwaltung/departement-des-innern/polizei/medienmitteilungen/archiv/2012/oktober-2012/
solothurn;https://so.ch/startseite/aktuell/news/dulliken-unbekannte-entwenden-wegweiser-mit-tierfiguren-gemeinde-setzt-belohnung-aus-zeugenaufruf/
solothurn;https://so.ch/startseite/aktuell/news/auswertung-elektronischer-datentraeger-von-asylsuchenden/
solothurn;https://so.ch/staatskanzlei/politische-rechte/archiv-wahlen-abstimmungen/2010/28-november-2010/resultate/
solothurn;https://so.ch/verwaltung/bau-und-justizdepartement/motorfahrzeugkontrolle/fuer-garagen-partner/prueftermin-reservieren/
solothurn;https://so.ch/startseite/aktuell/news/regierungsrat-lehnt-bundesregeln-in-der-sozialhilfe-ab/
solothurn;https://so.ch/verwaltung/finanzdepartement/personalamt/infos-fuer-mitarbeitende-und-fuehrungskraefte/mitarbeitende-informieren-und-beraten/beratungsangebote/familienunterstuetzung/
solothurn;https://so.ch/verwaltung/departement-des-innern/migrationsamt/ausweise/auslaenderausweise/
solothurn;https://so.ch/startseite/aktuell/news/werkhof-wangen-bei-olten-kunstinterventionen-stehen-fest-2/
solothurn;https://so.ch/verwaltung/departement-des-innern/polizei/medienmitteilungen/archiv/2015/august/
solothurn;https://so.ch/verwaltung/departement-des-innern/polizei/ueber-uns/sondergruppen/rueckfuehrungen/
solothurn;https://so.ch/verwaltung/departement-fuer-bildung-und-kultur/amt-fuer-kultur-und-sport/kulturfoerderung/auszeichnungspreis/2009/
solothurn;https://so.ch/verwaltung/departement-fuer-bildung-und-kultur/amt-fuer-berufsbildung-mittel-und-hochschulen/berufliche-grundbildung/news/offene-lehrstellen-2024/
solothurn;https://so.ch/verwaltung/bau-und-justizdepartement/amt-fuer-umwelt/abfall-chemie/abfallwirtschaft/egi-entsorgungsgenehmigung-via-internet/
solothurn;https://so.ch/startseite/aktuell/news/lebensraum-emme-die-zehnte-waldwanderung-entsteht/
solothurn;https://so.ch/verwaltung/bau-und-justizdepartement/amt-fuer-umwelt/boden-untergrund-geologie/geologie/geologische-sehenswuerdigkeiten/geowanderung-baerschwil/
solothurn;https://so.ch/verwaltung/bau-und-justizdepartement/amt-fuer-umwelt/boden-untergrund-geologie/deponien/ablagerungsbewilligungen/
solothurn;https://so.ch/verwaltung/bau-und-justizdepartement/amt-fuer-umwelt/aktuell/aktuell/news/festakt-zum-jubilaeum-150-jahre-juragewaesserkorrektion/
solothurn;https://so.ch/startseite/aktuell/news/ganzheitliches-konzept-fuer-eine-nachhaltige-integrationsarbeit-1/
solothurn;https://so.ch/verwaltung/departement-des-innern/migrationsamt/aufenthalt-und-integration/bewilligungen/vorlaeufig-aufgenommene-f/
solothurn;https://so.ch/startseite/aktuell/news/der-solothurner-unternehmerpreis-gastiert-in-olten/
solothurn;https://so.ch/verwaltung/departement-des-innern/polizei/medienmitteilungen/archiv/2010/juni-2010/
solothurn;https://so.ch/verwaltung/finanzdepartement/grundbuchaemter/elektronisches-grundbuch/
solothurn;https://so.ch/startseite/aktuell/news/investition-in-die-zukunft-solothurner-unternehmerpreis-2022/
solothurn;https://so.ch/startseite/aktuell/news/neue-konzession-wasserkraftwerk-goesgen-ist-in-kraft/
solothurn;https://so.ch/startseite/aktuell/news/erweiterung-der-mitwirkungspflicht-von-asylsuchenden/
solothurn;https://so.ch/verwaltung/departement-fuer-bildung-und-kultur/amt-fuer-kultur-und-sport/kunst-und-bau/werkhof-wangen-bei-olten/
solothurn;https://so.ch/gerichte/weitere-gerichte/haftgericht/
solothurn;https://so.ch/staatskanzlei/medien/medienarchiv-2021/mai/
solothurn;https://so.ch/startseite/aktuell/news/a5-zuchwil-nach-selbstunfall-davon-gefahren-zeugenaufruf/
solothurn;https://so.ch/verwaltung/volkswirtschaftsdepartement/amt-fuer-gemeinden/gemeindefinanzen/hrm2-einwohnergemeinden/hrm2-werkzeuge/finanzplan/
solothurn;https://so.ch/startseite/aktuell/news/digital-kulturelle-schaetze-heben/
solothurn;https://so.ch/staatskanzlei/medien/medienarchiv-2020/mai/
solothurn;https://so.ch/verwaltung/departement-des-innern/amt-fuer-gesellschaft-und-soziales/sozialhilfe-und-asyl/asyl/organisation/
solothurn;https://so.ch/verwaltung/bau-und-justizdepartement/amt-fuer-umwelt/aktuell/aktuell/news/sauber-und-effizient-heizen-mit-holz/
solothurn;https://so.ch/verwaltung/bau-und-justizdepartement/amt-fuer-umwelt/aktuell/vernehmlassungen/
stGallen;https://www.sg.ch/ueber-den-kanton-st-gallen/statistik/statistikdatenbanken.html
stGallen;https://www.sg.ch/recht/handelsregister-notariate/handelsregister/online-schalter.html
stGallen;https://www.sg.ch/bauen/geoinformation/vermessung/kantonschecker.html
stGallen;https://www.sg.ch/bildung-sport/volksschule/sonderpaedagogik/fuehrung-und-finanzierung.html
stGallen;https://www.sg.ch/news/sgch_kantonspolizei/2019/02/zuzwil--in-fahrunfaehigem-zustand-kollisionen-verursacht.html
stGallen;https://www.sg.ch/ueber-den-kanton-st-gallen/statistik/faktencheck-politische-ziele.html
stGallen;https://www.sg.ch/umwelt-natur/wasser/fluesse---baeche/gewaesserqualitaet/qualitaet-der-fliessgewaesser.html
stGallen;https://www.sg.ch/umwelt-natur/wald/-rund-um-den-st-galler-wald/waldentwicklungsplanung.html
stGallen;https://www.sg.ch/ueber-den-kanton-st-gallen/portraet-des-kantons-st-gallen-in-leichter-sprache/verkehr-und-mobilitaet-in-leichter-sprache.html
stGallen;https://www.sg.ch/bauen/geoinformation/aktuelles.html
nidwalden;https://www.nw.ch/_rte/thema2/6040
lucerne;https://gruezi.lu.ch/gesundheit/medizinische_versorgung
lucerne;https://wauwilermoos.lu.ch/wir_ueber_uns/standort
lucerne;https://disg.lu.ch/themen/integration/integration_aktivitaeten/integration_weiterbildung
lucerne;https://staatsarchiv.lu.ch/schaufenster/geschichten/turmuhr_1385
lucerne;https://www.lu.ch/Verzeichnisse/begriffe_a_z?il=B
lucerne;https://disg.lu.ch/themen/integration/integration_aktivitaeten/Informationskonzept_Kanton_Luzern_Integration
lucerne;https://staatsarchiv.lu.ch/schaufenster/geschichten
lucerne;https://grundbuch.lu.ch/gravis
lucerne;https://uwe.lu.ch/themen/energie/Betriebsoptimierung/Vorgehensweise_und_Nachweis
lucerne;https://klima.lu.ch/Klimapolitik_Kanton_Luzern/Rolle_des_Kantons
lucerne;https://gesundheit.lu.ch/themen/Humanmedizin/Infektionskrankheiten/Informationen_Coronavirus/Long_Covid
lucerne;https://vif.lu.ch/naturgefahren/themen/notfallplanung
lucerne;https://disg.lu.ch/Sitemap
lucerne;https://ksalpenquai.lu.ch/service/reservationen
lucerne;https://disg.lu.ch/themen/Menschen_im_Alter/Altersleitbild
lucerne;https://ksalpenquai.lu.ch/
lucerne;https://rawi.lu.ch/down_loads/down_loads_bew
lucerne;https://ksalpenquai.lu.ch/service/reservationen/fuer_schuelerinnen_der_ksa
lucerne;https://gruezi.lu.ch/gesundheit/schwangerschaft_geburt
lucerne;https://www.lu.ch/verwaltung/staatskanzlei/organisation_aufgaben/telefonzentrale
lucerne;https://rawi.lu.ch/down_loads/down_loads_rp
lucerne;https://disg.lu.ch/themen/integration/integration_aktivitaeten/integration_strategie
lucerne;https://disg.lu.ch/info_kompass
lucerne;https://gruezi.lu.ch/gesundheit/gesundheitssystem
lucerne;https://disg.lu.ch/themen/integration/integration_publikationen
lucerne;https://disg.lu.ch/publikationen/bestellen
lucerne;https://villa-senar.lu.ch/
lucerne;https://kultur.lu.ch/Ausschreibungen/Selektive_Foerderung/archiv/Fetter_Vetter_und_Oma_Hommage_2020
lucerne;https://rawi.lu.ch/down_loads/Wirtschaftsentwicklung
lucerne;https://gruezi.lu.ch/soziale_sicherheit/krankheit_unfall
lucerne;https://disg.lu.ch/themen/integration/integration_aktivitaeten
lucerne;https://www.lu.ch/Verzeichnisse/Online_Dienstleistungen/Online_Dienstleistungen_A_Z?il=B
lucerne;https://uwe.lu.ch/themen/energie/Betriebsoptimierung/Dokumente_und_Links
lucerne;https://vif.lu.ch/mobilitaet/verkehrsmassnahmen
lucerne;https://uwe.lu.ch/themen/abfall
lucerne;https://ksalpenquai.lu.ch/dokumente/reglemente_co
lucerne;https://ksalpenquai.lu.ch/profil
lucerne;https://gruezi.lu.ch/mobilitaet/fahrrad_zu_fuss
lucerne;https://staatsarchiv.lu.ch/kantonsgeschichte/publikationen/aufsaetze_vortraege
lucerne;https://disg.lu.ch/themen/integration/integration_aktivitaeten/Schutz_vor_Diskriminierung
lucerne;https://gruezi.lu.ch/gesundheit/psychische_gesundheit
lucerne;https://beruf.lu.ch/Berufslehre/Berufslehre_im_Betrieb/Lehrverhaeltnis/Informationen_zum_Lehrverhaeltnis/Informationen_fuer_Lernende_und_Gesetzliche_Vertreter
lucerne;https://gruezi.lu.ch/wohnen/abfallentsorgung
lucerne;https://vif.lu.ch/down_load
lucerne;https://uwe.lu.ch/themen/abfall/egi
thurgau;https://www.ksk.ch/an-die-kanti/aufnahmeverfahren/rechtliche-grundlagen.html/7457
thurgau;https://kunstmuseum.tg.ch/de/events/detailseite-veranstaltungen.html/7765/event/39953/eventdate/50581
thurgau;https://museen.tg.ch/thurgauer-koepfe-ein-thema-sechs-museen/mit-thurgauer-koepfen-durch-den-kanton.html/10284
thurgau;https://bldz.tg.ch/shop-publikationen.html/3954
thurgau;https://obergericht.tg.ch/kontakt/lageplan.html/7362
thurgau;https://kunstmuseum.tg.ch/de/ort/wandern-rund-um-die-kartause.html/9754
thurgau;https://schulblatt.tg.ch/aktuelles/detailseite.html/10467/news/43946
thurgau;https://arenenberg.tg.ch/beratung/versuche/obstbau-guettingen.html/646
thurgau;https://www.ksk.ch/an-die-kanti/aufnahmeverfahren.html/4640
thurgau;https://umwelt.tg.ch/amt-fuer-umwelt/veranstaltungen/vollzugstagungen.html/13079
thurgau;https://umwelt.tg.ch/amt-fuer-umwelt/fuer-gemeinden.html/12396
thurgau;https://abb.tg.ch/betriebliche-bildung/lernende.html/3293
thurgau;https://kunstmuseum.tg.ch/de/informationen/lage-und-anreise.html/7797
thurgau;https://strassenverkehrsamt.tg.ch/ihre-pruefung/fuehrerpruefung/praktische-pruefung.html/4578
thurgau;https://informatik.tg.ch/download/servicedesk.html/5379
thurgau;https://kunstmuseum.tg.ch/de/sammlung/ausstellungen/ausstellung.html/7912/exhibition/133
thurgau;https://obergericht.tg.ch/das-gericht/lageplan.html/7417
thurgau;https://arenenberg.tg.ch/beratung/versuche/obstbau-guettingen.html/654
thurgau;https://awa.tg.ch/arbeitgebende/weitere-themen/personenfreizuegigkeit.html/3328
thurgau;https://statistik.tg.ch/themen-und-daten/soziales-und-gesundheit/gesundheitserhebungen.html/15252
thurgau;https://kunstmuseum.tg.ch/de/sammlung/ausstellungen.html/7735
aargau;https://www.ag.ch/de/verwaltung/dvi/wirtschaft-arbeit/stellensuchende-arbeitslose/jugendarbeitslosigkeit
aargau;https://www.ag.ch/de/verwaltung/bvu/mobilitaet-verkehr/strasseninfrastruktur/signalisation-und-markierungen/richtlinien
aargau;https://www.ag.ch/de/aktuell/medien/medienmitteilungen?mm=strategien-fuer-die-aargauer-bibliothekslandschaft-e8c1809e-662b-49c3-b46a-76dd5f23a6b6_de
aargau;https://www.ag.ch/de/verwaltung/bvu/raumentwicklung/innenentwicklung/werkzeugkasten/werkzeugkasten-2
aargau;https://www.ag.ch/de/verwaltung/bvu/mobilitaet-verkehr/fuss-veloverkehr
aargau;https://www.ag.ch/de/verwaltung/dvi/grundbuch-vermessung/grundbuch/informatisiertes-grundbuch/agobis/aktuelle-meldungen
aargau;https://www.ag.ch/de/verwaltung/dvi/grundbuch-vermessung/grundbuch/informatisiertes-grundbuch/egvt/hinweise-banken
aargau;https://www.ag.ch/de/aktuell/medien/medienmitteilungen?mm=bestnoten-fuer-aargau-im-vergleich-der-kantonsfinanzen-614f2760-8d4a-412b-bf1a-c1327a471df2_de
aargau;https://www.ag.ch/de/verwaltung/dvi/wirtschaft-arbeit/stellensuchende-arbeitslose/jugendarbeitslosigkeit/hilfe-bei-der-lehrstellensuche
aargau;https://www.ag.ch/de/smartserviceportal/dienstleistungen?dl=fuer-zwischenloesung-nach-obligatorischer-schulzeit-anmelden-f0df4b85-ee60-4e7d-9872-dc4d78d9811c_de
aargau;https://www.ag.ch/de/verwaltung/dvi/grundbuch-vermessung/grundbuch/informatisiertes-grundbuch/agobis
aargau;https://www.ag.ch/de/verwaltung/dvi/kantonspolizei/verkehr-und-umwelt/verkehr
aargau;https://www.ag.ch/de/verwaltung/bks/berufsbildung-mittelschulen/berufsvorbereitung-zwischenloesungen/angebote-fuer-jugendliche
aargau;https://www.ag.ch/de/verwaltung/dvi/strassenverkehr/koerperbehinderung-verkehrsmedizin/arztpersonen/qualitaetssicherung-emedko
aargau;https://www.ag.ch/de/aktuell/medien/medienmitteilungen?mm=wegweiser-zu-den-roemern-und-habsburgern-f33e83ae-5e7c-43ba-af49-9379f472fcdf_de
aargau;https://www.ag.ch/de/aktuell/medien/medienmitteilungen?mm=regierungsrat-legt-finanzpolitische-ziele-fest-e1aac7d0-34f9-4ae7-9405-5f32fb6b1a08_de
aargau;https://www.ag.ch/de/aktuell/medien/medienmitteilungen?mm=wegweiser-zum-neuen-steuergesetz-c22fa01c-1bc7-4a4a-ab8d-076ee1842bc5_de
aargau;https://www.ag.ch/de/verwaltung/dvi/wirtschaft-arbeit/stellensuchende-arbeitslose/jugendarbeitslosigkeit/motivationssemester
aargau;https://www.ag.ch/de/verwaltung/bks/kultur/kulturpflege/archaeologie/sehenswuerdigkeiten-fundorte?dc=10005055-3dd6-4aa5-b8c7-6c25982cd128_de
aargau;https://www.ag.ch/de/verwaltung/bks/berufsbildung-mittelschulen/berufsvorbereitung-zwischenloesungen/angebote-fuer-jugendliche/anlaufstelle-wegweiser
aargau;https://www.ag.ch/de/themen/klimawandel/mein-beitrag/fuer-gemeinden
aargau;https://www.ag.ch/de/verwaltung/bks/berufsbildung-mittelschulen/lehre/betriebliche-bildung/lehrvertrag-lehrvertragsaenderungen
aargau;https://www.ag.ch/de/aktuell/medien/medienmitteilungen?mm=noch-200-kilometer-bis-zum-ziel-1f5c204d-b8a5-4f5f-b512-2627677558ed_de
aargau;https://www.ag.ch/de/aktuell/medien/medienmitteilungen?mm=zeitraumaargau-ch-neu-mit-einem-wegweiser-fuer-die-schulen-56e67c97-1d81-41b8-9f0e-1cad3dbcb6cf_de
aargau;https://www.ag.ch/de/verwaltung/dvi/wirtschaft-arbeit/standortfoerderung/aktuell/blog/blog-archiv?dc=5186da89-e805-4b35-9cf0-b925ee547b11_de
aargau;https://www.ag.ch/de/verwaltung/dfr/landwirtschaft/ressourcenschutz/stofflicher-gewaesserschutz/hof-recyclingduenger
aargau;https://www.ag.ch/de/verwaltung/bks/berufsbildung-mittelschulen/bildung-fuer-erwachsene/foerderung-von-grundkompetenzen
aargau;https://www.ag.ch/de/aktuell/medien/medienmitteilungen?mm=koordiniertes-bauen-auf-der-oftringer-zuerichstrasse-f537936b-ba22-4048-b665-b2ca9d7eaa4b_de
aargau;https://www.ag.ch/de/verwaltung/bvu/umwelt-natur-landschaft/nachhaltige-entwicklung/nachhaltigkeit-in-gemeinden
aargau;https://www.ag.ch/de/verwaltung/bks/sonderschulen-behindertenbetreuung/kinder-und-jugendliche/sonderschulung-und-berufsbildung
aargau;https://www.ag.ch/de/verwaltung/bks/kultur/kulturvermittlung/kultur-macht-schule/prozessor/gefoerderte-projekte?dc=775f70f7-3c28-4e66-a68a-770ebaf321c6_de
aargau;https://www.ag.ch/de/verwaltung/bks/ueber-uns/veroeffentlichungen/forschungsprojekte
aargau;https://www.ag.ch/de/aktuell/medien/medienmitteilungen?mm=wirkungsbericht-zum-kulturkonzept-wird-anerkennend-zur-kenntnis-genommen-71d51173-8e32-4c62-8f5c-fcdf9517cb78_de
aargau;https://www.ag.ch/de/aktuell/medien/medienmitteilungen?mm=kundenzufriedenheit-bei-bahn-und-bus-gestiegen-57334c4c-19b9-465f-902e-036b240fc193_de
aargau;https://www.ag.ch/de/aktuell/medien/medienmitteilungen?mm=neuer-radweg-in-untersiggenthal-065bb990-3f9c-45b8-8ba5-375950f3c620_de
schaffhausen;https://sh.ch/CMS/Webseite/Kanton-Schaffhausen/Beh-rde/Verwaltung/Baudepartement/Strassenverkehrs--und-Schifffahrtsamt-1816353-DE.html
schaffhausen;https://sh.ch/CMS/Webseite/Kanton-Schaffhausen/Beh-rde/Verwaltung/Departement-des-Innern/Interkantonales-Labor/Klima-12552964-DE.html
schaffhausen;https://sh.ch/CMS/Webseite/Kanton-Schaffhausen/Beh-rde/Verwaltung/Erziehungsdepartement/Dienststelle-Sport--Familie-und-Jugend/Abteilung-Kind-Jugend-Familie-7491516-DE.html
schaffhausen;https://sh.ch/CMS/Webseite/Kanton-Schaffhausen/Beh-rde/Verwaltung/Departement-des-Innern/Sozialamt/Fachstelle-Behinderung-30215-DE.html
schaffhausen;https://sh.ch/CMS/Webseite/Kanton-Schaffhausen/Beh-rde/Regierung/Staatskanzlei-2223675-DE.html
schaffhausen;https://sh.ch/CMS/Webseite/Kanton-Schaffhausen/Beh-rde/Verwaltung/Baudepartement/Amt-f-r-Denkmalpflege-und-Arch-ologie/Kantonsarch-ologie-1624865-DE.html
schaffhausen;https://sh.ch/CMS/Webseite/Kanton-Schaffhausen/Beh-rde/Verwaltung/Departement-des-Innern/Sozialamt/Fachstelle-Behinderung-30214-DE.html
schaffhausen;https://sh.ch/CMS/Webseite/Kanton-Schaffhausen/Beh-rde/Verwaltung/Erziehungsdepartement/Dienststelle-Sport--Familie-und-Jugend/Abteilung-Kind-Jugend-Familie--KJF--7596543-DE.html
schaffhausen;https://sh.ch/CMS/Webseite/Kanton-Schaffhausen/Beh-rde/Regierung/Staatskanzlei-11241473-DE.html
schaffhausen;https://sh.ch/CMS/Webseite/Kanton-Schaffhausen/Beh-rde/Verwaltung/Volkswirtschaftsdepartement/Landwirtschaftsamt/Pflanzenbau-24405-DE.html
schaffhausen;https://sh.ch/CMS/Webseite/Kanton-Schaffhausen/Beh-rde/Regierung/Staatskanzlei-5386-DE.html
schaffhausen;https://sh.ch/CMS/Webseite/Kanton-Schaffhausen/Beh-rde/Regierung/Staatskanzlei-6289397-DE.html
graubunden;https://www.gr.ch/DE/institutionen/verwaltung/djsg/ga/projektneu/Wegweiser_Alter
graubunden;https://klimawandel.gr.ch/de/was-tun/Seiten/20220610_Klima-Toolbox-Graub%C3%BCnden-f%C3%BCr-Gemeinden.aspx
graubunden;https://raetischesmuseum.gr.ch/de/sammlung/objektdesmonats/Seiten/odm_oktober_Speichertelefon.aspx
graubunden;https://www.gr.ch/EN/institutions/administration/djsg/ga/projektneu/Wegweiseralter
graubunden;https://www.gr.ch/DE/institutionen/verwaltung/djsg/amz/zivilschutz/Seiten/Schutzbauten.aspx
obwalden;https://www.ow.ch/_rte/thema2/4879
obwalden;https://www.ow.ch/_rte/publikation/9885
glarus;https://www.gl.ch/public-newsroom.html/31/news/4149/newsarchive/1
glarus;https://www.gl.ch/verwaltung/sicherheit-und-justiz/justiz/strassenverkehrsamt/strassenverkehr/fuehrerzulassung/medizinische-kontrolluntersuchung.html/414
glarus;https://www.gl.ch/verwaltung/sicherheit-und-justiz/justiz/strassenverkehrsamt/schiffsverkehr/schiff/ausweis-und-kontrollschild.html/424
glarus;https://www.gl.ch/public-newsroom.html/31/news/3793/newsarchive/1
glarus;https://www.gl.ch/verwaltung/volkswirtschaft-und-inneres/wirtschaft-und-arbeit/wirtschaft/standortpromotion.html/1816
glarus;https://www.gl.ch/verwaltung/sicherheit-und-justiz/kantonspolizei/mediennews/details.html/1681/news/775/newsarchive/1
glarus;https://www.gl.ch/route/dam-file-getAsset/asset/8023/
zurich;https://www.zh.ch/de/familie/familienforschung.html
zurich;https://www.zh.ch/de/umwelt-tiere/umweltschutz/umweltpraxis/definitionsseite/2011/63/zup063_2011_a0024_waldentwicklungsplan-pdf.html
zurich;https://www.zh.ch/de/umwelt-tiere/wald.html
zurich;https://www.zh.ch/de/planen-bauen/wasserbau/planungsgrundlagen-wasserbau.html
zurich;https://www.zh.ch/de/umwelt-tiere/umweltschutz.html
zurich;https://www.zh.ch/de/sicherheit-justiz/delikte-praevention/jugendkriminalitaet.html
zurich;https://www.zh.ch/de/umwelt-tiere/luft-strahlung/strom.html
zurich;https://www.zh.ch/de/mobilitaet/veloverkehr/infrastruktur/signalisation.html
zurich;https://www.zh.ch/de/planen-bauen/bauvorschriften/bauen-an-besonderer-lage/bauen-wald-waldrand.html
zurich;https://www.zh.ch/de/webangebote-entwickeln-und-gestalten/inhalt/designsystem/komponenten/karte.zhweb-noredirect.zhweb-cache.html?node-id=21161%3A184412
zurich;https://www.zuerich.ch/content/zh/de/index.html
zurich;https://www.zh.ch/de/umwelt-tiere/umweltschutz/umweltpraxis/definitionsseite/2009/59/zup059_2009_a0024_raum_landschaft-pdf.html
zurich;https://www.zh.ch/de/umwelt-tiere/luft-strahlung/luftqualitaet-auswirkungen.html
zurich;https://www.zh.ch/de/wirtschaft-arbeit/wirtschaftsstandort/innovation-sandbox/leitfaden-autonome-systeme.html
zurich;https://www.zh.ch/de/mobilitaet/fahrzeuge-kontrollschilder/fahrzeugpruefungen.html
zurich;https://www.zh.ch/de/mobilitaet/schifffahrt/schiffspruefung.html
zurich;https://www.zh.ch/de/familie/bibliotheken/newsletter-fachstelle-bibliotheken/newsletter-fachstelle-bibliotheken-maerz-2023.html
zurich;https://www.zh.ch/de/umwelt-tiere/wald/waldrecht.html
zurich;https://www.zh.ch/de/umwelt-tiere.html
zurich;https://www.zh.ch/de/umwelt-tiere/umweltschutz/umweltpraxis/definitionsseite/2009/59.html
zurich;https://www.zh.ch/de/sport-kultur/bewilligung-veranstaltungen/nachhaltige-veranstaltungen.html
zurich;https://www.zh.ch/de/umwelt-tiere/umweltschutz/umweltpraxis/definitionsseite/2011/63.html
zurich;https://www.zh.ch/de/umwelt-tiere/umweltschutz/umweltpraxis/definitionsseite/2011/67/zup067_2011_a0060_vollzugsschluessel-pdf.html
zurich;https://www.zh.ch/de/umwelt-tiere/laerm-schall/planen-bauen-laerm/laermschutz-bauvorhaben.html
zurich;https://www.zh.ch/de/mobilitaet/fahrzeuge-kontrollschilder/fahrzeugtechnik.html#contact_main
zurich;https://www.zh.ch/de/bildung/informationen-fuer-schulen/praevention-gesundheit-in-schule/schulinfo-gewaltpraevention.html
zurich;https://www.zh.ch/de/umwelt-tiere/umweltschutz/umweltpraxis/definitionsseite/2011/67.html
zurich;https://www.zh.ch/en/familie/familienforschung.html
zurich;https://www.zh.ch/de/mobilitaet/strassennetz/strassenunterhalt/strassenreparaturen.html
zurich;https://www.zh.ch/de/umwelt-tiere/umweltschutz/umweltpraxis.html
zurich;https://www.zh.ch/de/umwelt-tiere/umweltschutz/wegweiser-bau-umwelt.html
zurich;https://www.zh.ch/de/mobilitaet/fussverkehr.html
zurich;https://www.zh.ch/de/planen-bauen/wasserbau/wasserbauprojekte/entlastungsstollen-sihl-zuerichsee.html
zurich;https://www.zh.ch/de/umwelt-tiere/klima/gemeinden.html
zurich;https://www.zh.ch/de/soziales/leben-im-alter.html
zurich;https://www.zh.ch/de/umwelt-tiere/klima/klimadialog-gemeinsam-fuer-den-klimaschutz.html
bern;https://www.police.be.ch/de/start.html?newsID=4ad5f69b-66e0-4037-b25b-c0a5a5d2bdf8
bern;https://www.police.be.ch/de/start.html?newsID=ec98b2b6-9842-4466-9741-ee52db906be4
bern;https://www.police.be.ch/de/start.html?newsID=3fdcc628-a2bb-4390-92fc-6cf353aef078
bern;https://www.police.be.ch/de/start.html?newsID=b37d5a77-1995-415a-9d8f-2346e9f1ab2e
bern;https://www.bvd.be.ch/de/start/themen/abfall/betriebsbewilligung-und-egi-genehmigung-beantragen.html
bern;https://www.police.be.ch/de/start.html?newsID=4d4f1ca1-e67b-44d7-9dd3-d8c5a48c43e4
bern;https://www.police.be.ch/de/start.html?newsID=dcb162f0-3eef-4ccc-9be0-4320fc75b4f1
bern;https://www.faechernet.bkd.be.ch/de/start/uebergeordnete-themen/lesefoerderung/lesen-im-unterricht/ressourcen.html
bern;https://www.police.be.ch/de/start.html?newsID=5e8f05d4-c5b1-4dd1-99b0-37d5c1d0dc92
bern;https://www.be.ch/de/start/dienstleistungen/medien/medienmitteilungen.html?newsID=8e554fc7-965f-362c-8bf7-4da9515d2f64
bern;https://www.fpbp.bkd.be.ch/de/start/themen/betriebsabklaerung.html
bern;https://www.bvd.be.ch/de/start/dienstleistungen/newsletter-tba-update/tba-update-juni-2022.html
bern;https://www.bsm.sid.be.ch/de/start/themen/bevoelkerungsschutz-zivilschutz/notfalltreffpunkte/gemeindeinformationen.html
bern;https://www.gf.gsi.be.ch/de/start/info/angebote/psy-ch-wegweiser-fuer-psychische-gesundheit-im-kanton-bern.html
bern;https://www.police.be.ch/de/start.html?newsID=e6aed807-6215-4d57-9575-fecbaa79b675
bern;https://www.agi.dij.be.ch/de/start/dienstleistungen/check-service.html
bern;https://www.police.be.ch/de/start.html?newsID=22f7bac4-14f6-4fb5-88dd-b1096fc074bc
bern;https://www.raumplanung.dij.be.ch/de/start/muster/musterbaureglement--mbr-.html
bern;https://www.police.be.ch/de/start.html?newsID=b7ff3cc8-190d-421e-aac4-8eb96f2a9658
bern;https://www.jobs.sites.be.ch/de/start/arbeiten-beim-kanton-bern/das-sagen-unsere-mitarbeitenden0/was-uns-als-arbeitgeber-ausmacht/im-praktikum-werde-ich-nicht-nur-gefordert-sondern-auch-gefoerdert.html
bern;https://www.police.be.ch/de/start.html?newsID=c6171758-608c-4f3e-a875-e45f88718cf0
bern;https://www.police.be.ch/de/start.html?newsID=8f8b48d3-5496-4362-9415-00858a653e2e
bern;https://www.be.ch/de/start/dienstleistungen/medien/medienmitteilungen.html?newsID=e0efa301-4b00-39bb-8628-8d0d1c227bd0
bern;https://www.police.be.ch/de/start.html?newsID=36d90ee2-7bdc-48ef-9b09-1e767cd8f247
bern;https://www.police.be.ch/de/start/themen/vergehen---verbrechen/gewalt/haeusliche-gewalt.html
bern;https://www.zshkk.dij.be.ch/de/start/angebote/von-der-anmeldung-zur-aufnahme.html
bern;https://www.faechernet.bkd.be.ch/de/start/uebergeordnete-themen/1-zyklus-spezifisches/dokumentation.html
bern;https://www.police.be.ch/de/start.html?newsID=6079069a-0693-438c-a168-fff4823fa5f2
bern;https://www.police.be.ch/de/start.html?newsID=133ea02f-5782-40c9-8ae0-0609db0e794c
bern;https://www.agi.dij.be.ch/de/start/kataster/grundstueckdaten-informationssystem-grudis.html
bern;https://www.police.be.ch/de/start.html?newsID=bdcef14a-e259-4d85-9331-d2595b09936e
bern;https://www.hbav.dij.be.ch/de/start/hb-fachthemen/auszuege-und-dokumente/foersterplan.html
bern;https://www.police.be.ch/de/start.html?newsID=62b71c21-0f9e-4a11-8dbd-a589a212f037
bern;https://www.be.ch/de/start/dienstleistungen/medien/medienmitteilungen.html?newsID=f304d626-7e95-37bd-b013-480240d31e27
bern;https://www.police.be.ch/de/start.html?newsID=97759ffd-5a98-4188-9e8c-feecfb7c8113
bern;https://www.police.be.ch/de/start.html?newsID=94d3403f-e94d-472d-b190-1dcfd24e5485
bern;https://www.bvd.be.ch/de/start/dienstleistungen/newsletter-tba-update/tba-update-dezember-2021.html
bern;https://www.police.be.ch/de/start.html?newsID=ad7d5f6a-1253-4084-9eea-3109e3a7de34
bern;https://www.police.be.ch/de/start.html?newsID=d74ef241-5535-4641-85f4-5958f2e5b152
bern;https://www.bvd.be.ch/de/start/dienstleistungen/dienstleistungen-im-bereich-strasse-und-verkehr/gesuche-fuer-wegweiser-an-kantonsstrassen.html
bern;https://www.berninvest.be.ch/de/start/dienstleistungen/tourismus-regionalentwicklung/veranstaltungen-durchfuehren.html
bern;https://www.bkd.be.ch/de/start/themen/statistik-bildung-und-kultur/statistische-erhebungen/sba.html
bern;https://www.bkd.be.ch/de/start/news/zeitungsartikel-einsteiger/-die-broschuere-ist-ein-konzentrat-fuer-den-berufswahlprozess--.html
bern;https://www.gsi.be.ch/de/start/themen/statistiken/publikationen-gsi/publikationen-zum-thema-alter.html
bern;https://www.bemobil.sites.be.ch/de/start/angebote/arbeitsformen.html
bern;https://www.beinfo.sites.be.ch/de/start/rubriken/7uhr/7uhr-202202-Daniel-Rossel.html
bern;https://www.police.be.ch/de/start.html?newsID=539cc949-c5fb-455b-804a-ed027587f281
bern;https://www.be.ch/de/start/dienstleistungen/medien/medienmitteilungen.html?newsID=26171cdc-ea92-3972-8839-4bd3241c9d5d
bern;https://www.bvd.be.ch/de/start/themen/abfall/siedlungsabfaelle.html
bern;https://www.bvd.be.ch/de/start/dienstleistungen/newsletter-tba-update/tba-update-dezember-2022.html
bern;https://www.police.be.ch/de/start.html?newsID=3ab0c863-95ae-4a70-aeff-73dc4dc05a61
bern;https://www.police.be.ch/de/start.html?newsID=650fd935-a20b-46d5-adc4-0a1ceb8e823a
bern;https://www.be.ch/de/start/dienstleistungen/medien/medienmitteilungen.html?newsID=a1e6ec44-cff3-3a52-a124-26c6b81cf36e
bern;https://www.police.be.ch/de/start.html?newsID=e7578334-5170-462d-9483-0f6da4d6de94
bern;https://www.police.be.ch/de/start.html?newsID=1cc27dba-5aea-42e6-a2fe-819e8e30a203
bern;https://www.police.be.ch/de/start.html?newsID=cbd46210-a5a0-4fb6-9477-a7465413c5ed
bern;https://www.bst.bkd.be.ch/de/start/themen/psyche-wohlbefinden/psychische-probleme/externe-angebote.html
bern;https://www.police.be.ch/de/start.html?newsID=695f689a-7713-4c31-a490-4b9858d0dd02
bern;https://www.police.be.ch/de/start.html?newsID=57191b7f-f084-455a-a79b-ebc3def873f1
bern;https://www.police.be.ch/de/start.html?newsID=8260c351-e399-4ad4-99d9-a0f4dff2bb54
bern;https://www.be.ch/de/start/dienstleistungen/medien/medienmitteilungen.html?newsID=680221e9-3139-35d6-b1d1-2ab6c3d845d2
bern;https://www.police.be.ch/de/start.html?newsID=3d2d32b9-20e6-4f16-a762-f81574b6c617
bern;https://www.be.ch/de/start/dienstleistungen/medien/medienmitteilungen.html?newsID=efa66e74-80a8-3cb5-9982-45d9fd241607
bern;https://www.bvd.be.ch/de/start/themen/strassen/signalisation-wegweisung-markierung.html
bern;https://www.police.be.ch/de/start.html?newsID=8acf1cbf-6d52-4bbd-9db5-e0f44436ca27
bern;https://www.police.be.ch/de/start.html?newsID=d325f13b-d238-43f6-ae2e-2e5762664639
bern;https://www.be.ch/de/start/dienstleistungen/medien/medienmitteilungen.html?newsID=9dde9893-f284-3ef3-80a0-065fa56fb507
bern;https://www.bkd.be.ch/de/start/themen/statistik-bildung-und-kultur/statistische-erhebungen/ssp.html
bern;https://www.hbav.dij.be.ch/de/start/hb-fachthemen/verifikation/standardverifikation-phase-b3.html
bern;https://www.police.be.ch/de/start.html?newsID=0986c94a-0b3c-4980-b439-b2aa98df0868
bern;https://www.police.be.ch/de/start.html?newsID=60e7ee06-653b-42b3-95d0-3885114935a6
bern;https://www.zshkk.dij.be.ch/de/start.html
bern;https://www.police.be.ch/de/start.html?newsID=50361353-903a-4f00-b5b5-404b439a8bdb
bern;https://www.police.be.ch/de/start.html?newsID=8f50d05b-8d67-404d-b8d5-0af8df72530b
bern;https://www.be.ch/de/start/dienstleistungen/medien/medienmitteilungen.html?newsID=674bd1b5-7024-3b53-bc91-09315ae2ca4a
bern;https://www.asv.dij.be.ch/de/start/themen/gemeinde-sd.html
bern;https://www.bkd.be.ch/de/start/themen/bildung-im-kanton-bern/berufsbildung/berufslehre-betrieblich-organisiert/lernende/beratung-fuer-lernende.html
bern;https://www.police.be.ch/de/start.html?newsID=dd50cd3c-3818-4a91-a475-f5258f7c3f42
bern;https://www.police.be.ch/de/start.html?newsID=8ae53887-e575-4e89-b228-e31c04a32634
bern;https://www.police.be.ch/de/start.html?newsID=41016c66-a13b-48fb-a3fd-5dbf7af277eb
bern;https://www.bvd.be.ch/de/start/themen/wasser/abwasserentsorgung/grundstuecksentwaesserung.html
bern;https://www.bvd.be.ch/de/start/ueber-uns/tiefbauamt.html
bern;https://www.bvd.be.ch/de/start/dienstleistungen/newsletter-tba-update/tba-update-maerz-2023.html
bern;https://www.bsm.sid.be.ch/de/start/themen/bevoelkerungsschutz-zivilschutz/notfalltreffpunkte/bevoelkerungsinformationen.html
bern;https://www.weu.be.ch/de/start/themen/umwelt/klima.html
bern;https://www.be.ch/de/start/dienstleistungen/medien/medienmitteilungen.html?newsID=8b291228-5777-371d-a65b-157deca3fa3e
bern;https://www.police.be.ch/de/start.html?newsID=8d75ee2e-182c-45a7-a333-eb2919dbad3f
bern;https://www.police.be.ch/de/start.html?newsID=66c0d666-75a3-4442-b1b2-22a77d573bbc
bern;https://www.bvd.be.ch/de/start/dienstleistungen/dienstleistungen-im-bereich-strasse-und-verkehr.html
bern;https://www.bvd.be.ch/de/start/dienstleistungen/newsletter-des-aoev--aoev-news-/aoev-news---juli-2023.html
bern;https://www.police.be.ch/de/start.html?newsID=79b4662c-c552-4c14-b3a9-07d5e154c0a8
bern;https://www.weu.be.ch/de/start/themen/wirtschaft-und-arbeit/tourismus-und-regionalentwicklung/veranstaltungen-durchfuehren.html
bern;https://www.be.ch/de/start/dienstleistungen/medien/medienmitteilungen.html?newsID=5402d94b-c9e2-3b5e-8dc7-82212b452501
bern;https://www.be.ch/de/start/dienstleistungen/medien/medienmitteilungen.html?newsID=0503a8d3-ebec-3f08-9bc3-c3c753b043a1
bern;https://www.police.be.ch/de/start.html?newsID=955256fd-19b5-46fb-bfe9-ffb2c1a30766
bern;https://www.police.be.ch/de/start.html?newsID=91a922c8-8a9b-43f9-a768-7ff7fc10958f
bern;https://www.police.be.ch/de/start.html?newsID=a3628186-c313-4e3a-9d38-6d822dbcf340
zug;https://zg.ch/de/wirtschaft-arbeit/wirtschaftsstandort/clusters/firmengruendung
zug;https://zg.ch/de/planen-bauen/geoinformation/oereb-kataster/anleitung-fuer-benutzungen
zug;https://zg.ch/de/news/news~_2023_1_Sozialbericht-2022-Ueberblick-zur-sozialen-Lage-der-Bevoelkerung~
zug;https://zg.ch/de/natur-umwelt-tiere/wald/bauen-im-und-am-wald
baselStadt;https://www.mobilitaet.bs.ch/gesamtverkehr.html
baselStadt;https://www.bs.ch/Portrait/leben-in-basel/nuetzliche-adressen/nuetzliche-adressen-alltag-zusammenleben.html
baselStadt;https://www.mobilitaet.bs.ch/motorfahrzeuge/strassennetz/wegweisung.html
baselStadt;https://www.polizei.bs.ch/verkehr/strassenverkehr/parkieren/parksmart-basel/kontakt.html
baselStadt;https://www.sucht.bs.ch/adressen.html
baselStadt;https://www.sompsynet.bs.ch/unsere-angebotsplattform/filterliste.html
baselStadt;https://www.stadtwohnen.bs.ch/unterstuetzungsangebote/wohnen.html
baselStadt;https://www.arbeitgeber.bs.ch/einblick-in-unsere-arbeit/stories/giuseppe-g.html
baselStadt;https://www.polizei.bs.ch/verkehr/strassenverkehr/parkieren/parksmart-basel/allgemein.html
baselStadt;https://www.gva.bs.ch/grundbuch/intercapi.html
baselStadt;https://www.marketing.bs.ch/Aktuell/Newsletter/newsletter-2-18/basler-herbstmesse-2018-in-vollem-gang.html
baselStadt;https://www.polizei.bs.ch/verkehr/strassenverkehr/parkieren/parksmart-basel/faq.html
baselStadt;https://www.bs.ch/publikationen/polizei/ladendiebstahl.html
baselStadt;https://www.hochbau-gebaeudemanagement.bs.ch/projekte/abgeschlossene-projekte/bezirkswache-west.html
baselStadt;https://www.awa.bs.ch/arbeitnehmende/arbeitssicherheit-gesundheitsschutz/psychische-belastung.html
baselStadt;https://www.arbeitgeber.bs.ch/einblick-in-unsere-arbeit/stories.html
baselStadt;https://www.mobilitaet.bs.ch/gesamtverkehr/verkehrslenkung.html
baselStadt;https://www.mobilitaet.bs.ch/parkieren-in-basel-stadt/auto-parkieren-in-basel/parkhaeuser-und-parkleitsystem.html
baselStadt;https://www.polizei.bs.ch/verkehr/strassenverkehr/parkieren/parksmart-basel/nub_bpk.html
baselStadt;https://www.mobilitaet.bs.ch/gesamtverkehr/verkehrslenkung/wegweisung.html
baselStadt;https://www.mobilitaet.bs.ch/motorfahrzeuge/strassennetz.html
baselStadt;https://www.gesundheit.bs.ch/gesundheitsfoerderung/gesundheitsinformationen/krankheitsbilder/behandlung/anlaufstellen.html
baselStadt;https://www.diversitaet.bs.ch/integration/neu-basel/erstinformation.html
baselStadt;https://www.polizei.bs.ch/verkehr/strassenverkehr/parkieren/parksmart-basel/handbuch.html
baselStadt;https://www.polizei.bs.ch/verkehr/strassenverkehr/parkieren/parksmart-basel.html
baselStadt;https://www.tiefbauamt.bs.ch/oeffentlicher-raum/richtlinien-merkblaetter.html
baselStadt;https://www.awa.bs.ch/standortfoerderung/news-events/2020-09_covid-fokus-awa.html
baselStadt;https://www.polizei.bs.ch/verkehr/strassenverkehr/parkieren/parksmart-basel/aktuell.html
baselStadt;https://www.denkmalpflege.bs.ch/baukultur-entdecken/europaeischer-tag-des-denkmals/europaeischer-tag-des-denkmals-2023.html
baselStadt;https://www.polizei.bs.ch/verkehr/strassenverkehr/parkieren/parksmart-basel/agb.html
baselStadt;https://www.polizei.bs.ch/verkehr/strassenverkehr/parkieren/parksmart-basel/dsb.html
baselStadt;https://www.gesundheitsversorgung.bs.ch/alterspflege/wohnen-mit-unterstuetzung/weitere-unterstuetzungsangebote.html
uri;https://www.ur.ch/_rte/publikation/4245
uri;https://www.ur.ch/_rte/publikation/4146
uri;https://www.ur.ch/_rte/dienst/3655
uri;https://www.ur.ch/_rte/publikation/30596
uri;https://www.ur.ch/_rte/dienst/3700
appenzellAusserroden;https://ar.ch/verwaltung/departement-gesundheit-und-soziales/amt-fuer-gesundheit/abteilung-gesundheitsfoerderung/elektronisches-patientendossier/
appenzellAusserroden;https://ar.ch/verwaltung/departement-gesundheit-und-soziales/amt-fuer-soziales/abteilung-sozialhilfe-und-asyl/asyl/vollzug-rueckkehrberatung/ablehnung-oder-nichteintreten-wegweisung/
appenzellAusserroden;https://ar.ch/search/news-suchergebnis/news/verkehrsunfall-mit-personenwagen/
appenzellAusserroden;https://ar.ch/verwaltung/departement-inneres-und-sicherheit/kantonspolizei/broschueren-statistiken-formulare/
appenzellAusserroden;https://ar.ch/verwaltung/departement-gesundheit-und-soziales/amt-fuer-soziales/abteilung-chancengleichheit/foerderung/berufswahl-nationaler-zukunftstag/
appenzellAusserroden;https://ar.ch/verwaltung/departement-bau-und-volkswirtschaft/tiefbauamt/abteilung-mobilitaet-support/
appenzellAusserroden;https://ar.ch/search/news-suchergebnis/news/klimabericht-appenzell-ausserrhoden-ueberwiesen/
appenzellAusserroden;https://ar.ch/verwaltung/departement-inneres-und-sicherheit/strafanstalt-gefaengnis/strafanstalt-gmuenden/besucherinformationen/
appenzellAusserroden;https://ar.ch/verwaltung/departement-bildung-und-kultur/amt-fuer-kultur/obacht-kultur/archiv/
appenzellAusserroden;https://ar.ch/verwaltung/departement-bau-und-volkswirtschaft/tiefbauamt/mitarbeitende/
appenzellAusserroden;https://ar.ch/search/news-suchergebnis/news/kollision-zwischen-zwei-autos/
appenzellAusserroden;https://ar.ch/search/news-suchergebnis/news/arbeitsintensive-pfingsten-fuer-die-kantonspolizei-appenzell-ausserrhoden/
appenzellAusserroden;https://ar.ch/verwaltung/departement-inneres-und-sicherheit/kantonspolizei/praevention/haeusliche-gewalt-stalking/
appenzellAusserroden;https://ar.ch/verwaltung/departement-gesundheit-und-soziales/amt-fuer-soziales/abteilung-chancengleichheit/willkommen-im-kanton-appenzell-ausserrhoden/mobilitaet/fahrrad-und-zu-fuss/
appenzellAusserroden;https://ar.ch/search/news-suchergebnis/news/viamia-die-neue-berufliche-standortbestimmung-ue40/
appenzellAusserroden;https://ar.ch/verwaltung/departement-bau-und-volkswirtschaft/amt-fuer-landwirtschaft/downloads/
appenzellAusserroden;https://ar.ch/verwaltung/departement-bau-und-volkswirtschaft/amt-fuer-raum-und-wald/abteilung-wald-und-naturgefahren/forstliche-planung/
appenzellAusserroden;https://ar.ch/verwaltung/departement-bildung-und-kultur/amt-fuer-mittel-und-hochschulen-und-berufsbildung/abteilung-berufsbildung/formulare-wichtiges/
appenzellAusserroden;https://ar.ch/search/news-suchergebnis/news/kulturfonds-beitraege-fuer-fuenf-projekte-zu-gewichtigen-themen-und-ein-obacht-kultur-zum-frieden/
appenzellAusserroden;https://ar.ch/verwaltung/departement-inneres-und-sicherheit/departementssekretariat/projekt-optimierung-gemeindestrukturen/
appenzellAusserroden;https://ar.ch/verwaltung/departement-inneres-und-sicherheit/amt-fuer-militaer-und-bevoelkerungsschutz/zivilschutz/schutzraum-und-notvorrat-haeufige-fragen/
appenzellAusserroden;https://ar.ch/verwaltung/kantonskanzlei/rechtsdienst/ausserrhoder-gerichts-und-verwaltungspraxis/
baselLandschaft;https://www.baselland.ch/politik-und-behorden/direktionen/volkswirtschafts-und-gesundheitsdirektion/amt-fur-wald/wald/bildung?searchterm=Wegweiser
baselLandschaft;https://www.baselland.ch/themen/p/politische-rechte/fuer-gemeindeverwaltungen-1?searchterm=Benutzerhandbuch
baselLandschaft;https://www.baselland.ch/politik-und-behorden/direktionen/sicherheitsdirektion/polizei/bewilligungen/wegweiser?searchterm=Wegweiser
baselLandschaft;https://www.baselland.ch/politik-und-behorden/direktionen/bau-und-umweltschutzdirektion/raumplanung/langsamverkehr/langsamverkehr?searchterm=Wegweiser
baselLandschaft;https://www.baselland.ch/politik-und-behorden/direktionen/bildungs-kultur-und-sportdirektion/bildung/sekundarstufe-ii/berufs-studien-und-laufbahnberatung/downloadbereich?searchterm=Wegweiser
baselLandschaft;https://www.baselland.ch/politik-und-behorden/direktionen/volkswirtschafts-und-gesundheitsdirektion/amt-fur-geoinformation/geoportal/geodaten/geodatenprodukte/verkehr/wanderwege-esri-shapefile?searchterm=Wegweiser
baselLandschaft;https://www.baselland.ch/politik-und-behorden/direktionen/sicherheitsdirektion/polizei/wir-uber-uns/verkehr/verkehrstechnik?searchterm=Wegweiser
baselLandschaft;https://www.baselland.ch/themen/c_d/chronik-baselland/chronik-ab-2020/chronik-september-2020?searchterm=Wegweiser
baselLandschaft;https://www.baselland.ch/politik-und-behorden/direktionen/bau-und-umweltschutzdirektion/umweltschutz-energie/abfall/industrie-gewerbeabfalle?searchterm=Wegweiser
baselLandschaft;https://www.baselland.ch/politik-und-behorden/direktionen/bau-und-umweltschutzdirektion/umweltschutz-energie/abfall/entsorgungsgenehmigung?searchterm=Benutzerhandbuch
baselLandschaft;https://www.baselland.ch/politik-und-behorden/direktionen/finanz-und-kirchendirektion/steuerverwaltung/quellensteuer/abrechnung/equellensteuerabrechnung?searchterm=Bedienungsanleitung
baselLandschaft;https://www.baselland.ch/politik-und-behorden/direktionen/bildungs-kultur-und-sportdirektion/sport/unsere-angebote-und-anlaesse/sportamtag-challenge-1/Strecken/signalisation?searchterm=Wegweiser
baselLandschaft;https://www.baselland.ch/politik-und-behorden/direktionen/bildungs-kultur-und-sportdirektion/bildung/sekundarstufe-i/sekundarschule-laufental/unsere-schule/berufswahl?searchterm=Wegweiser
baselLandschaft;https://www.baselland.ch/politik-und-behorden/direktionen/bau-und-umweltschutzdirektion/lufthygiene/lufthygiene/infos-beratung?searchterm=Wegweiser
baselLandschaft;https://www.baselland.ch/politik-und-behorden/direktionen/bau-und-umweltschutzdirektion/raumplanung/kantonale-denkmalpflege/inventare/ikd/muttenz/hauptstrasse-2-4-kirchplatz-3?searchterm=Wegweiser
baselLandschaft;https://www.baselland.ch/politik-und-behorden/direktionen/volkswirtschafts-und-gesundheitsdirektion/landw-zentrum-ebenrain/uber-uns/ortsplan?searchterm=Wegweiser
baselLandschaft;https://www.baselland.ch/politik-und-behorden/direktionen/sicherheitsdirektion/polizei/bewilligungen?searchterm=Wegweiser
baselLandschaft;https://www.baselland.ch/politik-und-behorden/direktionen/finanz-und-kirchendirektion/sozialamt/infos-zu-schutzbeduerftigen-aus-der-ukraine/sachspenden?searchterm=Wegweiser
baselLandschaft;https://www.baselland.ch/politik-und-behorden/direktionen/sicherheitsdirektion/integration/aktuelles/archiv?searchterm=Wegweiser
baselLandschaft;https://www.baselland.ch/politik-und-behorden/direktionen/bildungs-kultur-und-sportdirektion/bildung/primarstufe/laufbahn/uebertritt-in-die-sekundarstufe-i?searchterm=Wegweiser
baselLandschaft;https://www.baselland.ch/politik-und-behorden/direktionen/bau-und-umweltschutzdirektion/umweltschutz-energie/klima-1/gemeinden-aktiv?searchterm=Wegweiser
baselLandschaft;https://www.baselland.ch/politik-und-behorden/direktionen/sicherheitsdirektion/militar-bevolkerungsschutz/faq-schutzraum-und-notvorrat?searchterm=Bedienungsanleitung
baselLandschaft;https://www.baselland.ch/politik-und-behorden/direktionen/sicherheitsdirektion/militar-bevolkerungsschutz/navigation-ueber-uns/einsatz-und-vorsorgeplanung/schutzbauten/schutzraumkataster?searchterm=Bedienungsanleitung
baselLandschaft;https://www.baselland.ch/politik-und-behorden/direktionen/bildungs-kultur-und-sportdirektion/bildung/sekundarstufe-ii/berufs-studien-und-laufbahnberatung/berufs-und-schulwahl?searchterm=Wegweiser