page_link;explanation;software_name;Canton
https://www.ag.ch/de/verwaltung/bvu/umwelt-natur-landschaft/umwelt/abfallwirtschaft/sonderabfaelle/betriebsnummer;The page provides information on how to apply for a Betriebsnummer in the VeVA-Online database.;VeVA-Online, eGOV UVEK;aargau
https://www.ag.ch/de/verwaltung/bks/kultur/kulturvermittlung/kultur-macht-schule/angebote-fuer-schulklassen?dc=e53ed126-6bdf-4c82-ad8e-95710d0e5dd5_de;The page offers educational programs where students can learn to program Ozobot and Sphero Mini robots.;Ozobot, Sphero Mini;aargau
https://www.ag.ch/de/ueber-uns/jobs-karriere/arbeiten-beim-kanton-aargau/berufslehre-mittelschulpraktika?dc=d8975dcd-6241-4b35-894b-a3c7d32a2aa2_de;The page describes an IMS Praktikum where participants develop, test, and maintain IT solutions, including software for various applications.;ICT-Netzwerke (LAN, WLAN);aargau
https://www.ag.ch/de/smartserviceportal/dienstleistungen?dl=pruefungstermin-mutieren-4217dc60-7afc-4b11-8290-6b0f11c41efd_de;The page provides instructions on how to reschedule a vehicle inspection appointment online through the iDispo system.;iDispo;aargau
https://www.ag.ch/de/aktuell/veranstaltungen?event=coffee-lecture-online-chatgpt-62f7dbbb-26d3-4df6-b080-3616389fdcc8_de;The page describes an online Coffee Lecture about ChatGPT and other artificial intelligences, focusing on their capabilities and challenges. The event takes place via the Zoom video-conferencing software.;ChatGPT, Zoom;aargau
https://www.ag.ch/de/aktuell/medien/medienmitteilungen?mm=fachhochschule-aargau-gewinnt-europaeischen-award-534f5bb1-b753-481e-9633-8fde595ec5b1_de;"The page discusses the e-Learning course ""FE Transfer,"" which is a web-based training course for the application of the Finite Element Method (FEM) in structural mechanics and mechanical engineering. The course uses specially developed e-Learning software.";FE Transfer;aargau
https://www.ag.ch/de/verwaltung/dfr/landwirtschaft/direktzahlungen-beitraege/datenerhebung-termine/agrigis;The page provides detailed information and guides on how to use agriGIS for data collection in agriculture.;agriGIS, Agate, AgriPortal;aargau
https://www.ag.ch/de/verwaltung/dfr/geoportal/geodaten/kartendownload;The page offers ZIP files containing EMF files that can be edited in text processing software like OfficeWord or OpenOffice.;OfficeWord, OpenOffice;aargau
https://www.ag.ch/de/verwaltung/bvu/umwelt-natur-landschaft/umwelt/erdwaermenutzung/eignungskarte-erdwaerme;The page discusses the iEWS online tool for site analysis and application creation for geothermal energy use.;iEWS;aargau
https://www.ag.ch/de/verwaltung/bvu/umwelt-natur-landschaft/hochwasserschutz-gewaesser/gefahrenkarte-hochwasser;The page provides information on flood risk and hazard maps, as well as an online event register for natural hazards.;"Geoportal (Online Karten), Webapplikation des Bundes ""Erstmeldung von Naturereignissen""";aargau
https://www.ag.ch/de/verwaltung/bvu/raumentwicklung/digitale-services/eplanung-hilfe-infos/haeufig-gestellte-fragen;The page provides comprehensive FAQs about ePlanung, a digital service for spatial planning, and mentions the Smart Service Portal for account management.;ePlanung, Smart Service Portal;aargau
https://www.ag.ch/de/verwaltung/bvu/raumentwicklung/digitale-services/eplanung-hilfe-infos;The page serves as a hub for various resources related to ePlanung, including PDF briefs for different stakeholders.;ePlanung;aargau
https://www.ag.ch/de/verwaltung/bvu/mobilitaet-verkehr/strasseninfrastruktur/integrales-management-system-ims;"The page provides access to the ""Integrales Management System (IMS)"" for retrieving various documents related to civil engineering.";Integrales Management System (IMS);aargau
https://www.ag.ch/de/verwaltung/bvu/bauen/baubewilligungen/ebau-aargau/ebau-haeufige-fragen-support;The page provides FAQs and support information for eBau Aargau, a digital service for building permit applications. It also mentions the Smart Service Portal for technical support.;eBau Aargau, Smart Service Portal;aargau
https://www.ag.ch/de/verwaltung/bks/kultur/kulturpflege/bibliothek-archiv/kantonsbibliothek/ausleihe-und-benutzung/swisscovery-plattform;The page provides detailed information about the Swisscovery platform, which is a national library platform bundling scientific information from over 490 libraries in Switzerland. It also mentions SWITCH edu-ID for registration.;Swisscovery, SWITCH edu-ID;aargau
https://www.ag.ch/de/verwaltung/dfr/geoportal/online-karten;The page provides information on how to use the Online Karten service for various geographical data queries.;Online Karten;aargau
https://www.ag.ch/de/verwaltung/dvi/strassenverkehr/koerperbehinderung-verkehrsmedizin/arztpersonen/qualitaetssicherung-emedko;The page details the use of the emedko electronic application for medical checks related to driving licenses and professional transport permits.;emedko;aargau
https://www.ag.ch/de/verwaltung/dvi/kantonspolizei/praevention/cybercrime;The page offers general information on cybercrime and how to protect oneself, but does not specifically mention or link to any software or online services.;;aargau
https://www.ag.ch/de/verwaltung/dvi/grundbuch-vermessung/oereb-kataster;The page provides information on the ÖREB-Kataster and OEREBlex services for accessing property-related legal information.;ÖREB-Client,OEREBlex;aargau
https://www.ag.ch/de/verwaltung/dgs/gesundheit/gesundheitsversorgung/restkostenfinanzierung/stationaer/elektronische-abrechnung;The page outlines the process for healthcare providers to submit invoices electronically, but does not specify the name of any software or online service used for this purpose.;;aargau
https://www.ag.ch/de/verwaltung/dvi/grundbuch-vermessung/grundbuch/informatisiertes-grundbuch/agobis;The page provides information on how to access and navigate the AGOBIS system, which is used for handling land registry data.;AGOBIS,GMV (Geres Message Viewer);aargau
https://www.ag.ch/de/verwaltung/dvi/gemeindeaufsicht/fachstelle-datenaustausch/aargauischen-grundstueck-und-objektinformationssystem-(agobis);The page elaborates on how AGOBIS and GMV (Geres Message Viewer) are used for handling land registry data and messages.;AGOBIS,GMV (Geres Message Viewer);aargau
https://www.ag.ch/de/verwaltung/dfr/ueber-uns/organisation/hr-aargau/pki-zertifizierungen;The page provides guidelines on PKI (Public Key Infrastructure) certification for employees of the Canton of Aargau, but does not specify the name of any software or online service used for this purpose.;;aargau
https://www.ag.ch/de/verwaltung/dfr/steuern/natuerliche-personen/steuererklaerung-easytax/esteuerauszug;The page provides information on how to use the eSteuerauszug feature to import bank data into the EasyTax software for tax declaration.;EasyTax;aargau
https://www.ag.ch/de/verwaltung/dfr/steuern/natuerliche-personen/steuererklaerung-easytax;The page provides download links and version history for the EasyTax software, which is used for tax declaration.;EasyTax;aargau
https://www.ag.ch/de/ueber-uns/jobs-karriere/bildungsangebote/uebungsdateien-informatik;The page offers downloadable ZIP files containing exercise files for various software.;Excel 2016, Outlook 2016, PowerPoint 2016, Word 2016, Adobe Acrobat DC, Project 2016, Visio 2016;aargau
https://www.ag.ch/de/smartserviceportal/dienstleistungen?dl=jagdstatistik-erfassen-290998da-82d0-425d-9fb7-7d39235bcb05_de;The page provides instructions for using an electronic application to record hunting statistics.;Jagdstatistik;aargau
https://www.ag.ch/de/smartserviceportal/dienstleistungen?dl=geodaten-beziehen-25a98e5f-f777-4bca-92d4-3a8a8e9a0ff3_de;The page provides a guide on how to download geodata through a specific application.;Geodatenshop;aargau
https://www.ag.ch/de/smartserviceportal/dienstleistungen?dl=fischfangstatistik-einreichen-af4c55e8-2bb3-44ae-96d9-36efd79dad25_de;The page provides instructions for using an electronic application to record fishing statistics.;Fischfangstatistik;aargau
https://www.ag.ch/de/smartserviceportal/dienstleistungen?dl=bkonline-starten-dcf3b88c-7eb7-41f2-93f9-d520d5908760_de;The page provides instructions for accessing and using the BKOnline platform, which is intended for employees of forestry companies.;BKOnline;aargau
https://www.ag.ch/de/smartserviceportal/dienstleistungen?dl=an-eanhoerungen-teilnehmen-e0ad19b4-9807-42a4-951d-e58102d11d57_de;The page provides instructions for participating in eAnhörungen (eHearings) through the Smart Service Portal.;eAnhörungen, Smart Service Portal;aargau
https://www.ag.ch/de/gerichte/ueber-uns/elektronischer-rechtsverkehr;The page provides guidelines for submitting legal documents electronically to the courts in the Canton of Aargau.;IncaMail, PrivaSphere, SuisseID, SwissSigner;aargau
https://www.ag.ch/de/verwaltung/dvi/strassenverkehr/koerperbehinderung-verkehrsmedizin/koerperbehinderung;The page provides information about procedures and guidelines for people with physical disabilities in relation to road traffic but does not mention any specific software.;;aargau
https://www.ag.ch/de/verwaltung/dfr/ueber-uns/organisation/informatik-aargau/fernwartung;The page provides instructions for setting up remote support using ISL Client and ISL LightDesk 4.;ISL Client, ISL LightDesk 4;aargau
https://www.ag.ch/de/verwaltung/dfr/steuern/natuerliche-personen/steuererklaerung-easytax/haeufige-fragen-zu-easytax;The page provides comprehensive FAQs and guidelines for using the EasyTax software for tax declarations.;EasyTax;aargau
https://www.ag.ch/de/verwaltung/dfr/landwirtschaft/programm-labiola/merkblaetter-labiola;The page provides various PDF guidelines related to agricultural practices but does not mention any specific software.;;aargau
https://ar.ch/verwaltung/departement-gesundheit-und-soziales/amt-fuer-gesundheit/abteilung-gesundheitsfoerderung/elektronisches-patientendossier/;The page provides information about the Elektronisches Patientendossier (EPD), a system for storing and managing personal health data.;Elektronisches Patientendossier (EPD);appenzell_ausserroden
https://ar.ch/verwaltung/departement-bildung-und-kultur/amt-fuer-volksschule-und-sport/abteilung-regelpaedagogik/beurteilung-von-lernenden/zeugnisdarstellung-in-basisstufe-und-adl-schulen/;The page discusses the evaluation of students in Basisstufe and ADL schools and mentions the use of LehrerOffice for generating reports.;LehrerOffice;appenzell_ausserroden
https://ar.ch/verwaltung/departement-bildung-und-kultur/amt-fuer-mittel-und-hochschulen-und-berufsbildung/abteilung-berufsbildung/berufsbildungsportal/;The page introduces the Berufsbildungsportal, a service that allows users to manage and view their vocational training data.;Berufsbildungsportal;appenzell_ausserroden
https://ar.ch/verwaltung/departement-bau-und-volkswirtschaft/arbeitslosenversicherung-ar/regionales-arbeitsvermittlungszentrum-rav/stellensuchende/infos-zu-arbeitswiss/;The page offers information on online consultations via Microsoft Teams for the Regional Employment Center (RAV) in Appenzell A.Rh.;Microsoft Teams;appenzell_ausserroden
https://ar.ch/verwaltung/departement-finanzen/steuerverwaltung/steuererklaerungen-fristverlaengerungen/elektronische-steuererklaerung-2022-fuer-privatpersonen/;The page provides comprehensive information on how to file electronic tax returns for the year 2022. It mentions the use of eSteuern-Programm and oBeam App for electronic submissions.;eSteuern-Programm, oBeam App;appenzell_ausserroden
https://ar.ch/verwaltung/departement-bildung-und-kultur/amt-fuer-volksschule-und-sport/abteilung-regelpaedagogik/lernmedien/kurzanleitung-digitale-lehrmittel/;The page lists various digital teaching materials and software such as Antolin, Die Sprachstarken, dis donc!, edulog, Leseschlau, Typewriter, and Young World.;Antolin, Die Sprachstarken, dis donc!, edulog, Leseschlau, Typewriter, Young World;appenzell_ausserroden
https://www.ai.ch/themen/steuern/ai-tax-software/ai-tax-steuererklaerung-software-fuer-natuerliche-personen;The page provides information on AI-Tax, a tax declaration software for individuals in the canton of Appenzell Innerrhoden.;AI-Tax;appenzell_inneroden
https://www.ai.ch/themen/steuern/ai-tax-software/ai-tax-2022-software-aktualisieren;The page informs users about the need to update the AI-Tax 2022 software due to a system change in June.;AI-Tax;appenzell_inneroden
https://www.ai.ch/themen/steuern/ai-tax-software;The page serves as a hub for various topics related to AI-Tax software, including updates and support.;AI-Tax;appenzell_inneroden
https://www.ai.ch/themen/planen-und-bauen/geodaten-und-plaene/geoportal;The page provides information about the GEO-Portal operated by the Amt für Geoinformation, which offers various geodata services.;Geoportal,Geobus;appenzell_inneroden
https://www.ai.ch/themen/kultur-und-geschichte/bibliotheken/volksbibliothek-appenzell/angebot/dibiost;The page provides information about Dibiost, a digital library service, and how to use the Onleihe app for borrowing electronic media.;Dibiost,Onleihe;appenzell_inneroden
https://www.steuerverwaltung.bs.ch/baltax-help-point.html;The page provides information on BalTax Help Point, a support service for BalTax software.;BalTax;basel_stadt
https://www.polizei.bs.ch/praevention/internet/fuenf-schritte-digitale-sicherheit.html;The page outlines five steps for digital security but does not specify any particular software.;;basel_stadt
https://www.itbs.bs.ch/dienstleistungen/egovernment/das-ekonto/ekonto-firmen-tutorial.html;The page provides a tutorial for eKonto, a platform for firms to manage various services and settings.;eKonto;basel_stadt
https://www.geo.bs.ch/mapbs/mapbs-einbinden.html;The page provides instructions on how to embed MapBS into websites using JavaScript API or iFrame.;MapBS;basel_stadt
https://www.geo.bs.ch/geodaten/geodienste/wmtsbs/hilfe.html;The page provides instructions for integrating WMTS services into various software platforms like QGIS, ArcGIS, and Leaflet.;WMTS, QGIS, ArcGIS, Leaflet;basel_stadt
https://www.geo.bs.ch/geodaten/geodienste/wmsbs/hilfe.html;The page provides detailed instructions for integrating WMS services into various software platforms like QGIS, ArcGIS, AutoCAD, and Leaflet.;WMS, QGIS, ArcGIS, AutoCAD, Leaflet;basel_stadt
https://www.dsb.bs.ch/handreichungen.html;The page offers various guidelines and checklists related to data protection, including the use of Microsoft Office 365 in the educational sector.;Microsoft Office 365;basel_stadt
https://www.bs.ch/publikationen/polizei/digitale-sicherheit.html;The page outlines five steps for digital security, including the use of antivirus and firewall software, but does not specify any particular software.;;basel_stadt
https://www.bs.ch/publikationen/geo/Technische-Wegleitung-Geobasisdaten-Basel-Stadt.html;The page does not contain any content related to software or instructions.;;basel_stadt
https://www.steuerverwaltung.bs.ch/steuererklaerung/natuerliche-personen/baltax.html;The page provides comprehensive information on BalTax, a software solution for filling out tax returns. It also mentions oBeam, an app for digitizing paper documents.;BalTax, oBeam;basel_stadt
https://www.staatskanzlei.bs.ch/politische-rechte/wahlen-abstimmungen/e-voting.html;The page provides information on the E-Voting system operated by the Swiss Post, which allows certain groups like the disabled and Swiss citizens abroad to vote electronically.;E-Voting System by Swiss Post;basel_stadt
https://www.sozialhilfe.bs.ch/ueber-uns/Digitaler-Briefkasten/Anleitung-Digitaler-Briefkasten.html;The page provides instructions on how to use the digital mailbox service offered by Sozialhilfe Kanton Basel-Stadt.;Digitaler Briefkasten;basel_stadt
https://www.polizei.bs.ch/verkehr/strassenverkehr/parkieren/parksmart-basel/faq.html;The page contains FAQs about the ParkSmart Basel app, which is used for parking fee payments in Basel.;ParkSmart Basel;basel_stadt
https://www.itbs.bs.ch/dienstleistungen/egovernment/das-ekonto/faq-ekonto.html;The page contains FAQs about eKonto, a digital account service provided by IT BS for e-government services.;eKonto;basel_stadt
https://www.itbs.bs.ch/dienstleistungen/egovernment/das-ekonto/ekonto-privat-tutorial.html;The page serves as a tutorial for private customers using eKonto, detailing various functionalities and settings.;eKonto;basel_stadt
https://www.itbs.bs.ch/dienstleistungen/egovernment/das-ekonto/anleitung-ekonto.html;The page provides a step-by-step guide for registering and using eKonto, including how to set up 2-factor authentication.;eKonto;basel_stadt
https://www.hochbau-gebaeudemanagement.bs.ch/richtlinien_vorlagen/cad.html;The page provides CAD guidelines and templates for architectural and building management projects.;CAD;basel_stadt
https://www.geo.bs.ch/geodaten/geodienste/wfsbs/hilfe.html;The page provides instructions for integrating WFS services into various software platforms like QGIS, ArcGIS, and AutoCAD.;WFS, QGIS, ArcGIS, AutoCAD;basel_stadt
https://www.geo.bs.ch/geodaten/geodienste/suchdienst/hilfe.html;The page provides guidance on using the search service of Geoportal BS, including how to query different layers and retrieve results in JSON format.;Geoportal BS Search Service;basel_stadt
https://www.gd.bs.ch/dossiers-projekte/EPD-Eroeffnungen-im-GD-BS/Wie-eroeffne-ich-ein-EPD.html;Unfortunately, the content of the page could not be retrieved for analysis.;;basel_stadt
https://www.bs.ch/publikationen/aue/CD-ROM-Entsorgung-medizinischer-Abfaelle.html;The page appears to be about a CD-ROM related to the disposal of medical waste, but no specific software or instructions are mentioned.;;basel_stadt
https://www.awa.bs.ch/stellensuche-arbeitslosigkeit/jobroom-und-eservices.html;The page provides information on how job seekers and employers can use eServices and Jobroom for various employment-related tasks, including submitting documents and activating unemployment benefits.;eServices, Jobroom;basel_stadt
https://www.itbs.bs.ch/dienstleistungen/egovernment/das-ekonto/ekonto-nutzungsbedingungen.html;The page outlines the terms and conditions for using eKonto, including user responsibilities and legal aspects.;eKonto;basel_stadt
https://www.volksschulen.bs.ch/unterricht/digitalisierung_edubs-book.html;The page discusses the eduBS-Book, a digital device provided to students starting from the 5th grade, and includes FAQs and guidelines for its use.;eduBS-Book;basel_stadt
https://www.kaio.fin.be.ch/de/start/dienstleistungen/arbeitsplatz/zwei-faktor-authentifizierung--2fa-/neues-smartphone.html;The page provides instructions on how to set up two-factor authentication on a new smartphone or tablet.;Microsoft Authenticator;bern
https://www.hbav.dij.be.ch/de/start/hb-fachthemen/verifikation/standardverifikation-phase-b3.html;The page outlines the process and criteria for the standard verification phase B3 in land surveying and mapping.;Check-Service, VeriSO;bern
https://www.hbav.dij.be.ch/de/start/hb-fachthemen/methoden/gnss.html;The page provides guidelines and instructions for the use of GNSS in land surveying and mapping.;;bern
https://www.hbav.dij.be.ch/de/start/hb-fachthemen/auszuege-und-dokumente/foersterplan.html;The page provides guidelines for forest planning and mentions the use of specific software tools for data exchange and verification.;VeriSO, ESRI ShapeFiles;bern
https://www.cyber.police.be.ch/de/start/informationen-fuer-gemeinden.html;The page offers information and recommendations on how municipalities can protect themselves from cyberattacks.;;bern
https://www.cyber.police.be.ch/de/start/aktuelle-phaenomene/e-banking-trojaner.html;The page provides information on E-Banking Trojans and offers guidelines on how to protect against such attacks.;Anti-Viren-Software;bern
https://www.bkd.be.ch/de/start/themen/bildung-im-kanton-bern/berufsbildung/berufslehre-betrieblich-organisiert/qualifikationsverfahren/pruefungsorganisation/qv-webportal.html;The page provides information about the QV Webportal, which is used by exam experts to manage their personal information, compensation, and expenses.;QV Webportal, PkOrg;bern
https://www.be.ch/de/start/dienstleistungen/medien/medienmitteilungen.html?newsID=95eed467-1dec-3c1d-888e-7e9713195120;The page discusses new services offered by the tax administration of the Canton of Bern, including TaxMe-Online Tour.;TaxMe-Online;bern
https://www.agi.dij.be.ch/de/start/kataster/oereb-kataster/zugang-zu-oereb-informationen/geoportalkarte-oereb-kataster.html;The page provides information about the Geoportalkarte of the ÖREB-Kataster.;Geoportalkarte, ÖREB-Kataster;bern
https://www.agi.dij.be.ch/de/start/kataster/grundstueckdaten-informationssystem-grudis.html;The page provides detailed information about GRUDIS, a land property data information system for the Canton of Bern.;GRUDIS;bern
https://www.agi.dij.be.ch/de/start/dienstleistungen/check-service.html;The page provides information about various Check-Services offered by the Canton of Bern for verifying itf-Daten and other data related to land surveying and planning.;Check-Service amtliche Vermessung, CheckGWR, Check-Service Nutzungsplanung, Check-Service Planungszonen, ilivalidator;bern
https://www.gsi.be.ch/de/start/themen/soziales/behinderung/blg/berner-modell.html;The page provides information about the Berner Modell, a system for supporting people with disabilities.;AssistMe;bern
https://www.faechernet.bkd.be.ch/de/start/dienstleistungen/mathematik/unterricht/digitale-materialien.html;The page discusses the importance of selecting appropriate software for mathematics education.;PIKAS digi, Mathe Basteln;bern
https://www.sv.fin.be.ch/de/start/e-services/taxme-online-fuer-privatpersonen.html;The page provides information on how to complete your tax return online.;TaxMe-Online, BE-Login;bern
https://www.sta.be.ch/de/start/themen/wahlen-und-abstimmungen/infos-fuer-gemeinden/wahl--und-abstimmungssoftware-bewas.html;The page offers guidance and resources for using the BEWAS software for elections and referendums.;BEWAS, FreeOTP App, Google Authenticator;bern
https://www.police.be.ch/de/start/dienstleistungen/informationen-fuer-gemeinden--partner--bedrohungsmanagement/fachstelle-alarmierung.html;The page serves as a hub for alarm systems and related services for fire departments, civil protection organizations, and civil leadership bodies.;WinFAP, DiCal, eAlarmPush, alarmNet, evalink, Segura360;bern
https://www.gsi.be.ch/de/start/dienstleistungen/formulare-gesuche-bewilligungen-organisationsstruktur/gesundheitsamt-formulare-gesuche-bewilligungen/heime.html;The page provides information on obtaining operating permits for nursing homes and offers a portal for digital services.;eRV-Pflege, Google Chrome, Edge Chromium, Mozilla Firefox, IE (Internet Explorer), Microsoft Edge;bern
https://www.cyber.police.be.ch/de/start/informationen-fuer-kmu.html;The page provides information and recommendations on how to protect businesses from cyberattacks.;;bern
https://www.akvb-gemeinden.bkd.be.ch/de/start/angebote-der-gemeinde/tagesschulangebote/tagesschulangebote-administrieren/gebuehren-fuer-tagesschulen.html;The page provides information on the administration of fees and registrations for day schools.;kiBon, Tool pädagogisches Angebot, Tool nicht pädagogisches Angebot;bern
https://www.agi.dij.be.ch/de/start/geoportal/datenmodelle/beschreibung-kantonaler-datenmodelle.html;The page provides detailed information on various data models used for different purposes, including land surveying, land use planning, and energy planning.;DM.01-AV-BE, DM.16-Npl-BE, Nutzungsplanung_BE_V1_0, DMRPE-BE, GB2AVCapi, LKMap;bern
https://www.faechernet.bkd.be.ch/de/start/uebergeordnete-themen/1-zyklus-spezifisches/dokumentation.html;The page provides information on how teachers can document their observations and lessons for Cycle 1 students using web-based tools.;SWITCHportfolio, Entwicklung beobachten und Lernen begleiten (EBLB);bern
https://www.sv.fin.be.ch/de/start/e-services/uebersicht-elektronische-dienste/faq-be-login.html;The page provides a comprehensive FAQ about BE-Login, covering topics like registration, technical requirements, and document upload for tax filing.;BE-Login, TaxMe-Online, Dr. Tax, Mozilla Firefox, Microsoft Edge, Google Chrome, Safari;bern
https://www.staatsarchiv.sta.be.ch/de/start/benutzung/anleitung-recherche-im-online-inventar.html;The page provides a guide on how to conduct research in the online inventory, including various search options and functionalities.;Online-Inventar;bern
https://www.kaio.fin.be.ch/de/start/dienstleistungen/arbeitsplatz/zwei-faktor-authentifizierung--2fa-/pw-reset1.html;The page provides a step-by-step guide on how to reset your password using two-factor authentication.;Microsoft Online-Kennwortzurücksetzung, Authenticator-App;bern
https://www.kaio.fin.be.ch/de/start/dienstleistungen/arbeitsplatz/zwei-faktor-authentifizierung--2fa-/pin-reset.html;The page provides a guide on how to reset your PIN for logging into your PC workstation using two-factor authentication.;Authenticator-App;bern
https://www.fr.ch/de/raum-planung-und-bau/karten-plaene-kataster-und-geomatik/dsk2-hifle-benutzerhandbuch-dsk2/dsk2-hilfe-honorarordnung-ho33;The page provides a comprehensive guide on how to use the HO33 form within the DSK2 application for the purpose of official surveying.;DSK2;freiburg
https://www.fr.ch/de/raum-planung-und-bau/karten-plaene-kataster-und-geomatik/dsk2-hifle-benutzerhandbuch-dsk2/dsk2-hilfe-grundstuecksuche;The page offers a guide on how to search for properties using the Grundstücke model within the DSK2 application.;DSK2;freiburg
https://www.fr.ch/de/raum-planung-und-bau/karten-plaene-kataster-und-geomatik/dsk2-hifle-benutzerhandbuch-dsk2/dsk2-hilfe-funktionsknoepfe;The page provides an overview of the functional buttons available in the DSK2 application, explaining their respective uses.;DSK2;freiburg
https://www.fr.ch/de/raum-planung-und-bau/karten-plaene-kataster-und-geomatik/dsk2-hifle-benutzerhandbuch-dsk2/dsk2-hilfe-erstellen-und-ausdrucken-eines-akts-verbals/dsk2-hilfe-leitfaden-zur-erfassung-eines-akts-9;The page outlines the procedure for submitting records to GB (Grundbuch) through the DSK2 application, including how status changes are reflected.;DSK2;freiburg
https://www.fr.ch/de/raum-planung-und-bau/karten-plaene-kataster-und-geomatik/dsk2-hifle-benutzerhandbuch-dsk2/dsk2-hilfe-erstellen-und-ausdrucken-eines-akts-verbals/dsk2-hilfe-leitfaden-zur-erfassung-eines-akts-8;The page describes how to submit a change request within the DSK2 application, detailing the steps from the Abgabe VGA status to the Validation VGA status.;DSK2;freiburg
https://www.fr.ch/de/raum-planung-und-bau/karten-plaene-kataster-und-geomatik/dsk2-hifle-benutzerhandbuch-dsk2/dsk2-hilfe-erstellen-und-ausdrucken-eines-akts-verbals/dsk2-hilfe-leitfaden-zur-erfassung-eines-akts-6;The page provides instructions on how to generate a Verbal report within the DSK2 application, detailing the steps and the notifications that the user will receive.;DSK2;freiburg
https://www.fr.ch/de/raum-planung-und-bau/karten-plaene-kataster-und-geomatik/dsk2-hifle-benutzerhandbuch-dsk2/dsk2-hilfe-erstellen-und-ausdrucken-eines-akts-verbals/dsk2-hilfe-leitfaden-zur-erfassung-eines-akts-5;The page explains how to arrange properties within the Akten module of the DSK2 application, allowing the user to sort them as desired.;DSK2;freiburg
https://www.fr.ch/de/raum-planung-und-bau/karten-plaene-kataster-und-geomatik/dsk2-hifle-benutzerhandbuch-dsk2/dsk2-hilfe-erstellen-und-ausdrucken-eines-akts-verbals/dsk2-hilfe-leitfaden-zur-erfassung-eines-akts-4;The page provides detailed instructions on how to manage property mutations within the DSK2 application, including how to handle different types of properties and their associated rights.;DSK2;freiburg
https://www.fr.ch/de/raum-planung-und-bau/karten-plaene-kataster-und-geomatik/dsk2-hifle-benutzerhandbuch-dsk2/dsk2-hilfe-erstellen-und-ausdrucken-eines-akts-verbals/dsk2-hilfe-leitfaden-zur-erfassung-eines-akts-3;The page discusses how to manage priority levels for properties within the DSK2 application, including how to request a higher priority from other users via the internal mail system.;DSK2;freiburg
https://www.fr.ch/de/raum-planung-und-bau/karten-plaene-kataster-und-geomatik/dsk2-hifle-benutzerhandbuch-dsk2/dsk2-hilfe-erstellen-und-ausdrucken-eines-akts-verbals/dsk2-hilfe-leitfaden-zur-erfassung-eines-akts-2;The page describes the process of transitioning to the Akt verfassen stage within the DSK2 application, where properties are assigned priorities based on existing records.;DSK2;freiburg
https://www.fr.ch/de/raum-planung-und-bau/karten-plaene-kataster-und-geomatik/dsk2-hifle-benutzerhandbuch-dsk2/dsk2-hilfe-erstellen-und-ausdrucken-eines-akts-verbals/dsk2-hilfe-leitfaden-zur-erfassung-eines-akts-12;The page explains that the status change to Definitiver Eintrag by the GB is directly visible in the DSK2 application and outlines the steps for transferring the act number from DSK2 to Capitastra.;DSK2;freiburg
https://www.fr.ch/de/raum-planung-und-bau/karten-plaene-kataster-und-geomatik/dsk2-hifle-benutzerhandbuch-dsk2/dsk2-hilfe-erstellen-und-ausdrucken-eines-akts-verbals/dsk2-hilfe-leitfaden-zur-erfassung-eines-akts-10;The page details how to withdraw an act in the GB within the DSK2 application, explaining the status changes and options available for the act after withdrawal.;DSK2;freiburg
https://www.fr.ch/de/raum-planung-und-bau/karten-plaene-kataster-und-geomatik/dsk2-hifle-benutzerhandbuch-dsk2/dsk2-hilfe-erstellen-und-ausdrucken-eines-akts-verbals/dsk2-hilfe-leitfaden-zur-erfassung-eines-akts-1;The page provides a guide for capturing the necessary elements for the title page of an act/verbal document.;DSK2;freiburg
https://www.fr.ch/de/raum-planung-und-bau/karten-plaene-kataster-und-geomatik/dsk2-hifle-benutzerhandbuch-dsk2/dsk2-hilfe-erstellen-und-ausdrucken-eines-akts-verbals/dsk2-hilfe-leitfaden-zur-erfassung-eines-akts-0;The page offers guidance on inserting existing properties into the dossier and capturing elements for the title page.;DSK2;freiburg
https://www.fr.ch/de/raum-planung-und-bau/karten-plaene-kataster-und-geomatik/dsk2-hifle-benutzerhandbuch-dsk2/dsk2-hilfe-erstellen-und-ausdrucken-eines-akts-verbals/dsk2-hilfe-leitfaden-zur-erfassung-eines-akts;"The page outlines the initial steps for opening a ""Vorprojekt"" dossier and entering relevant information.";DSK2;freiburg
https://www.fr.ch/de/raum-planung-und-bau/karten-plaene-kataster-und-geomatik/dsk2-hifle-benutzerhandbuch-dsk2/dsk2-hilfe-erstellen-und-ausdrucken-eines-akts-verbals/dsk2-hilfe-leitfaden-fuer-die-erfassung-eines-akts;The page discusses the process of opening an act with an extract from the BDMO and the subsequent steps.;DSK2,BDMO;freiburg
https://www.fr.ch/de/raum-planung-und-bau/karten-plaene-kataster-und-geomatik/dsk2-hifle-benutzerhandbuch-dsk2/dsk2-hilfe-erstellen-und-ausdrucken-eines-akts-verbals/dsk-2-hilfe-leitfaden-zur-eroeffnung-bdmo;The page explains that since version 1.12 of DSK2, the BDMO opening process is integrated into the application, replacing the old PDF order form process.;DSK2,BDMO;freiburg
https://www.fr.ch/de/raum-planung-und-bau/karten-plaene-kataster-und-geomatik/dsk2-hifle-benutzerhandbuch-dsk2/dsk2-hilfe-erstellen-und-ausdrucken-eines-akts-verbals/dks2-leitfaden-zur-erfassung-eines-akts;"The page discusses the management of area changes and corrections, and provides guidance on how to use the ""Flächenverwaltung"" feature in DSK2.";DSK2;freiburg
https://www.fr.ch/de/raum-planung-und-bau/karten-plaene-kataster-und-geomatik/dsk2-hifle-benutzerhandbuch-dsk2/dsk2-hilfe-erstellen-und-ausdrucken-eines-akts-verbals/abrechnung-von-gebuehren;The page provides detailed instructions on how to manage billing and fees within DSK2, including the generation and printing of invoices.;DSK2,SAP;freiburg
https://www.fr.ch/de/raum-planung-und-bau/karten-plaene-kataster-und-geomatik/dsk2-hifle-benutzerhandbuch-dsk2/dsk2-hilfe-erstellen-und-ausdrucken-eines-akts-verbals/abrechnung-ho33;The page describes the new process for building tracking, including the use of Excel tables and electronic signatures, as well as the integration with SAP for billing.;DSK2,Excel,SAP,LocalSigner,SuisseID;freiburg
https://www.fr.ch/de/raum-planung-und-bau/karten-plaene-kataster-und-geomatik/dsk2-hifle-benutzerhandbuch-dsk2/dsk2-hilfe-erstellen-und-ausdrucken-eines-akts-verbals;The page serves as an index for various topics related to creating and printing acts/verbals in DSK2, including rules, dossier management, and billing.;DSK2;freiburg
https://www.fr.ch/de/raum-planung-und-bau/karten-plaene-kataster-und-geomatik/dsk2-hifle-benutzerhandbuch-dsk2/dsk2-hilfe-einfuehrung-0;The page provides an introduction to DSK2, including its compatibility with different browsers, new features in version 1.2, and guidelines for troubleshooting.;DSK2,Internet Explorer,Mozilla Firefox,Canofile;freiburg
https://www.fr.ch/de/raum-planung-und-bau/karten-plaene-kataster-und-geomatik/dsk2-hifle-benutzerhandbuch-dsk2/dsk2-hilfe-einfuehrung;The page is similar to the previous one, providing an introduction to DSK2, its compatibility, and new features in version 1.2.;DSK2,Internet Explorer,Mozilla Firefox,Canofile;freiburg
https://www.fr.ch/de/alltag/vorgehen-und-dokumente/2008;"The page provides information for municipalities about the ""Personnenergisterharmonisierung"" project in the canton of Freiburg. It includes various documents and guidelines.";;freiburg
https://www.fr.ch/de/steuern/natuerliche-personen/lohnausweis;The page provides guidelines for employers on how to issue a salary statement (Lohnausweis). It mentions a software program provided by tax authorities for this purpose.;eLohnausweis SSK;freiburg
https://www.fr.ch/de/steuern/natuerliche-personen/fritax/fritax-faq;The page provides a FAQ section for FriTax, a software for electronic tax filing. It covers various aspects like data import, troubleshooting, and security.;FriTax;freiburg
https://www.fr.ch/de/steuern/natuerliche-personen/fritax;The page provides an overview of FriTax, a software application for electronic tax filing in the canton of Freiburg. It includes download and installation instructions.;FriTax;freiburg
https://www.fr.ch/de/steuern/natuerliche-personen;The page serves as a hub for tax-related information for natural persons in the canton of Freiburg. It mentions FriTax as a software for electronic tax filing.;FriTax;freiburg
https://www.fr.ch/de/steuern/juristische-personen;The page serves as a hub for tax-related information for legal entities in the canton of Freiburg. It mentions e-tax JP as an online service for filing tax returns for legal entities.;e-tax JP;freiburg
https://www.fr.ch/de/staat-und-recht/gesetzgebung/redaktion-und-gesetzestechnik;The page provides guidelines for drafting and editing legislative texts in the canton of Freiburg. It mentions LexWork as an IT application used for managing and publishing legislation.;LexWork;freiburg
https://www.fr.ch/de/staat-und-recht/abstimmungen-wahlen-und-politische-rechte/abstimmungen-informationen-zu-den-abstimmungsvorlagen-und-den-resultaten/abstimmungsbroschueren-im-audio-format;The page provides information on audio brochures for visually impaired citizens. It mentions that documents are available in DAISY format, which can be played on specialized devices, computers, and MP3-compatible players.;DAISY;freiburg
https://www.fr.ch/de/sjsd/pol/news/praevention-im-bereich-tech-support-betrug;The page discusses a national campaign for the prevention of tech-support fraud, specifically Microsoft-Scam. It aims to educate the public on the risks associated with this form of cybercrime.;;freiburg
https://www.fr.ch/de/raum-planung-und-bau/karten-plaene-kataster-und-geomatik/dsk2-hifle-benutzerhandbuch-dsk2/dsk2-hilfe-navigationprinzipien;The page serves as a user manual for the DSK2 web application, detailing its navigation principles and modules for different user roles.;DSK2;freiburg
https://www.fr.ch/de/raum-planung-und-bau/karten-plaene-kataster-und-geomatik/dsk2-hifle-benutzerhandbuch-dsk2/dsk2-hilfe-honorarordnung-ho33/dsk2-hilfe-verwaltung-ho33;The page serves as a user manual for the HO33 management module within the DSK2 web application. It provides detailed instructions on how to use the module, including how to filter searches and create new HO33 forms.;DSK2;freiburg
https://www.fr.ch/de/raum-planung-und-bau/karten-plaene-kataster-und-geomatik/dsk2-hifle-benutzerhandbuch-dsk2/dsk2-hilfe-honorarordnung-ho33/dsk2-hilfe-formular-ho33;The page serves as a user manual for the HO33 form within the DSK2 web application. It provides a detailed walkthrough of the form's various sections and functionalities.;DSK2;freiburg
https://www.fr.ch/de/raum-planung-und-bau/karten-plaene-kataster-und-geomatik/dsk2-hifle-benutzerhandbuch-dsk2/dsk2-hilfe-dem-vga-vorbehaltene-aktionen;The page provides instructions for actions reserved for VGA within the DSK2 system.;DSK2;freiburg
https://www.fr.ch/de/raum-planung-und-bau/karten-plaene-kataster-und-geomatik/dsk2-hifle-benutzerhandbuch-dsk2/dsk2-hilfe-canofile-dokumenten-suchen;The page provides guidance on searching for old Canofile documents in DSK2's electronic document management system (GED).;DSK2, Canofile;freiburg
https://www.fr.ch/de/raum-planung-und-bau/karten-plaene-kataster-und-geomatik/dsk2-hifle-benutzerhandbuch-dsk2/dks2-hilfe-verfahren-zur-verwaltung-der-akten;The page outlines the procedures for managing files in the DSK2 system, including the types of files and their chronology.;DSK2, Capitastra;freiburg
https://www.fr.ch/de/raum-planung-und-bau/karten-plaene-kataster-und-geomatik/dsk2-hifle-benutzerhandbuch-dsk2;The page serves as the user manual for the DSK2 system, providing an overview of its functionalities and navigation principles.;DSK2;freiburg
https://www.fr.ch/de/polizei-und-sicherheit/praevention/cyberkriminalitaet/cyberkriminalitaet-homeoffice-ohne-risiko;The page offers guidelines for secure work in a home office setting, focusing on cybersecurity measures.;;freiburg
https://www.fr.ch/de/polizei-und-sicherheit/praevention/cyberkriminalitaet/cyberkriminalitaet-betrug-ueber-sms;The page discusses the risks and preventive measures related to SMS fraud, specifically focusing on Smishing and Premium-SMS scams.;;freiburg
https://www.fr.ch/de/kub/frebooks;The page describes FReBOOKS, a digital platform offering E-Books, audiobooks, international press, and music. It also mentions the software required for certain functionalities.;FReBOOKS, Onleihe, Cantook Station, Overdrive, PressReader, Freegal Music, Adobe Digital Editions;freiburg
https://www.fr.ch/de/gesundheit/vorbeugung-und-foerderung/zahnpflege-und-praevention/tipps-fuer-optimales-zaehneputzen;The page provides educational material on oral hygiene and introduces the FunDent app designed for children aged 4 to 12.;FunDent;freiburg
https://www.fr.ch/de/bildung-und-schulen/berufsbildung/parkplaetze;The page provides information on parking regulations and introduces a new system for managing parking permits at various locations.;;freiburg
https://www.fr.ch/de/arbeit-und-unternehmen/arbeiten-beim-staat/weiterbildungsprogramm-des-staates-freiburg/entdecken-von-ms365-neu;The page provides a course description for a training program that introduces new features and tools available in Microsoft 365.;Microsoft 365, Teams, OneNote, OneDrive, SharePoint, Sway, Stream, Forms, Outlook, Planner, Dynamics Tools, Power Apps, Power Automate;freiburg
https://www.fr.ch/de/raum-planung-und-bau/karten-plaene-kataster-und-geomatik/dsk2-hifle-benutzerhandbuch-dsk2/dsk2-hilfe-erstellen-und-ausdrucken-eines-akts-verbals/dsk2-hilfe-leitfaden-zur-erfassung-eines-akts-7;The page provides a comprehensive guide for capturing acts in the DSK2 system, detailing the required documents and formats.;DSK2;freiburg
https://www.fr.ch/de/raum-planung-und-bau/karten-plaene-kataster-und-geomatik/dsk2-hifle-benutzerhandbuch-dsk2/dsk2-hilfe-aktensuche;The page provides instructions for searching for files within the DSK2 system, explaining the search criteria and how to navigate the results.;DSK2;freiburg
https://www.fr.ch/de/steuern/natuerliche-personen/fritax/download-fritax;The page provides download links and installation instructions for FriTax, an electronic tax filing software.;FriTax;freiburg
https://www.fr.ch/de/sjsd/pol/news/nationale-aktionswoche-sensibilisiert-fuer-mehr-sicherheit-im-digitalen-raum;The page discusses a national awareness week for digital security but does not provide information about specific software or instructions related to software.;;freiburg
https://www.fr.ch/de/sjsd/pol/news/die-betrueger-vom-typ-microsoft-support-schlagen-auch-in-der-westschweiz-zu;"The page warns about ""Microsoft-Support"" scams where fraudsters pose as Microsoft technical support to gain access to victims' computers.";Microsoft Support (Fraudulent);freiburg
https://www.fr.ch/de/raum-planung-und-bau/baubewilligung-und-bewilligungen/friac/online-hilfe/tutorials;The page offers various tutorials for using the FRIAC application, covering topics like creating a dossier, managing documents, and granting third-party access.;FRIAC;freiburg
https://www.fr.ch/de/raum-planung-und-bau/baubewilligung-und-bewilligungen/friac/online-hilfe/handbuecher;The page provides various handbooks to assist users in utilizing the FRIAC application, covering topics like data export and special procedures.;FRIAC;freiburg
https://www.fr.ch/de/raum-planung-und-bau/baubewilligung-und-bewilligungen/friac/online-hilfe/erstellen-eines-dossiers;The page provides detailed information on how to create a construction dossier using the FRIAC application, including steps for submitting various types of documents.;FRIAC;freiburg
https://www.fr.ch/de/polizei-und-sicherheit/bevoelkerungsschutz/gafri;The page provides information about the GAFRI (Gestion des alarmes Fribourg) system, an automated telephone alarm system used for mobilizing various leadership bodies and response teams in the event of an emergency.;GAFRI;freiburg
https://www.fr.ch/de/kub/cantook-e-books-und-hoerbuecher-in-franzoesischer-sprache;"The page provides information about Cantook, a platform offering a wide range of E-Books and audiobooks in French. It also mentions compatible software and apps like ""Aldiko Next"" and ""Thorium"" for reading and listening.";Cantook, Aldiko Next, Thorium;freiburg
https://www.fr.ch/de/gibs/hilfe-migration-m365;The page provides troubleshooting guidelines and step-by-step procedures for users experiencing issues with their M365 (Microsoft 365) accounts. It covers topics like double authentication, password reset, and license activation.;M365 (Microsoft 365);freiburg
https://www.fr.ch/de/eksd/news/hinweise-zur-umsetzung-des-fernunterrichts-und-bereitstellung-von-office-365;The page discusses the implementation of remote teaching in schools and mentions the use of Office 365 as a tool for both teachers and students.;Office 365;freiburg
https://www.fr.ch/de/bildung-und-schulen/berufsbildung/essg-o365-und-teams;The page provides a link to EDUFR.ch for logging into Office365 accounts and offers various tutorials and user guides for Microsoft TEAMS.;Office 365, Microsoft TEAMS;freiburg
https://www.fr.ch/de/alltag/vorgehen-und-dokumente/sonder-und-sozialpaedagogische-institutionen-des-kantons-freiburg-dokumente;The page provides various documents and guidelines for special and social pedagogical institutions in the Canton of Fribourg. It mentions software like EDISES and OLMIS for specific administrative and operational tasks.;EDISES, OLMIS;freiburg
https://www.gl.ch/verwaltung/sicherheit-und-justiz/justiz/strassenverkehrsamt.html/1678/news/716/newsarchive/1;The page provides guidelines for customers regarding the 'Code 178' which restricts the change of vehicle ownership.;CLS-ZEK;glarus
https://www.gl.ch/verwaltung/finanzen-und-gesundheit/steuern/news-details.html/1682/news/303/newsarchive/1;The page provides guidelines to facilitate the completion of the tax return for capital gains tax on real estate.;;glarus
https://www.gl.ch/verwaltung/bildung-und-kultur/kultur/landesarchiv/anleitung-mobile-sitzungsvorbereitung.html/4920;The page provides a PDF guide for mobile meeting preparation.;;glarus
https://www.gl.ch/verwaltung/bau-und-umwelt/umwelt-wald-und-energie/umweltschutz-und-energie/gewaesserschutz.html/752;The page provides comprehensive information on water protection, including guidelines and reports, but does not offer software or software instructions.;;glarus
https://www.gl.ch/public-newsroom.html/31/news/427/newsarchive/1;The page discusses the importance of rapid information flow in the event of disasters and mentions the use of a siren network for public alerts.;;glarus
https://www.gr.ch/DE/Medien/Mitteilungen/MMStaka/2018/Seiten/2018021401.aspx;The page discusses the electronic submission of tax returns and mentions a video guide for the same.;;graubunden
https://www.gr.ch/DE/institutionen/verwaltung/djsg/afm/dienstleistungen/PKI/Seiten/CardOS-API-Middleware.aspx;The page provides information on CardOS API, which allows cryptographic applications to communicate and authenticate with CardOS Smart-Cards.;CardOS API;graubunden
https://www.gr.ch/DE/institutionen/verwaltung/diem/ajf/fischerei/Fischen-in-Graubuenden/Seiten/Fischerei-App.aspx;The page provides information about the Fischerei-App, which is used for recording fishing statistics and activities.;Fischerei-App;graubunden
https://www.gr.ch/DE/institutionen/verwaltung/dfg/stv/steuererklaerung/grundstueckgewinnsteuer/Seiten/wegleitungen_merkblaetter.aspx;The page provides guides and forms for property gain tax, including a mention of Deklarationssoftware SofTax GR Spezialsteuern for tax declaration.;SofTax GR Spezialsteuern;graubunden
https://www.gr.ch/DE/institutionen/verwaltung/dfg/stv/steuererklaerung/gewinn_und_kapitalsteuer/Seiten/wegleitungen_merkblaetter.aspx;The page provides guides and forms for profit and capital tax, including a mention of Deklarationssoftware SofTax JP for tax declaration for legal entities.;SofTax JP;graubunden
https://www.gr.ch/DE/institutionen/verwaltung/dfg/stv/steuererklaerung/einkommens_und_vermoegenssteuer/Seiten/wegleitungen_merkblaetter.aspx;The page provides guides and forms for income and wealth tax, including a mention of Deklarationssoftware SofTax NP for tax declaration for natural persons.;SofTax NP;graubunden
https://www.gr.ch/DE/institutionen/verwaltung/dfg/stv/mitteilungen/Seiten/MedienmitteilungVideo.aspx;The page discusses the electronic submission of tax returns and mentions a new video guide to help taxpayers optimize the process.;;graubunden
https://kunstmuseum.gr.ch/de/digital/audioguide/Seiten/Start.aspx;The page provides information about free podcasts related to the museum's collection and history.;;graubunden
https://www.gr.ch/DE/institutionen/verwaltung/dfg/stv/steuererklaerung/gewinn_und_kapitalsteuer/steuerperiode_2012/Seiten/wegleitungen_merkblaetter.aspx;The page provides guides and forms for profit and capital tax for the tax period 2012, including a mention of Deklarationssoftware SofTax JP for tax declaration for legal entities.;SofTax JP, Adobe Reader;graubunden
https://www.gr.ch/DE/institutionen/verwaltung/djsg/afm/dienstleistungen/PKI/Seiten/PIN-Entsperrung.aspx;The page provides information on how to unlock the PIN of ATOS and Gemalto Smart-Cards, including a mention of the End-User Benutzeranleitung PIN-Reset Gemalto Smart-Cards_V1.0 guide.;ATOS Smart-Cards, Gemalto Smart-Cards;graubunden
https://www.gr.ch/DE/institutionen/verwaltung/ekud/afk/kbg/Bibliotheksfoerderung/SABKurse/kurse/Seiten/Weiterbildungskurs_2022_05.aspx;The page provides information about a training course on cataloging with winMedio, including the date, time, and location.;winMedio;graubunden
https://www.gr.ch/DE/institutionen/verwaltung/dfg/stv/ueberuns/aktuelles/Seiten/Neues-Berechnungstool-f%C3%BCr-die-Grundst%C3%BCckgewinnsteuer.aspx;The page introduces a new tool for calculating property gain tax.;SofTax GR GGST;graubunden
https://www.gr.ch/DE/institutionen/verwaltung/dfg/stv/dienstleistungen/deklarationssoftware/quellensteuer;The page provides download links for various versions of SofTax QUEST, a software for creating withholding tax statements.;SofTax QUEST;graubunden
https://www.gr.ch/DE/institutionen/verwaltung/djsg/kapo/aktuelles/medien/2012/Seiten/201209253.aspx;The page warns about a dangerous computer virus and suggests using antivirus Live-CD for analysis and removal.;Antivirus Live-CD;graubunden
https://www.gr.ch/DE/institutionen/verwaltung/dfg/stv/steuererklaerung/quellensteuer/steuerperiode_2011/Seiten/wegleitungen_merkblaetter.aspx;The page provides guidelines and forms for withholding tax, mentioning that Adobe Reader is required for viewing the documents.;Adobe Reader, SofTax GR QUEST;graubunden
https://www.gr.ch/DE/institutionen/verwaltung/dfg/stv/steuererklaerung/einkommens_und_vermoegenssteuer/steuerperiode_2010/Seiten/wegleitungen_merkblaetter.aspx;The page provides guidelines and forms for income and wealth tax, mentioning that Adobe Reader is required for viewing the documents.;Adobe Reader, SofTax GR NP;graubunden
https://www.gr.ch/DE/institutionen/verwaltung/dfg/stv/steuererklaerung/quellensteuer/steuerperiode_2015/Seiten/wegleitungen_merkblaetter.aspx;The page provides guidelines and forms for withholding tax for the tax period 2015, mentioning that Adobe Reader is required for viewing the documents.;Adobe Reader, SofTax GR QUEST;graubunden
https://www.gr.ch/DE/institutionen/verwaltung/dfg/stv/steuererklaerung/quellensteuer/steuerperiode_2014/Seiten/Neuerungen.aspx;The page discusses new regulations and procedures for withholding tax, including the introduction of an electronic wage reporting procedure called ELM Quellensteuer.;ELM Quellensteuer, Lohnsoftware;graubunden
https://www.gr.ch/DE/institutionen/verwaltung/dfg/stv/steuererklaerung/quellensteuer/steuerperiode_2015/Seiten/Neuerungen.aspx;The page discusses updates to the withholding tax regulations for the tax year 2015 and mentions the use of SofTax QUEST as a tool for electronic submission.;SofTax QUEST;graubunden
https://ksalpenquai.lu.ch/ICT/BYOD_Klassen;The page provides information on BYOD (Bring Your Own Device) classes, specifying the hardware and software requirements for students.;Windows 11, Microsoft Office 365;lucerne
https://steuern.lu.ch/steuererklaerung/obeam;The page describes the oBeam Mobile Scan App, which is used for digitizing and classifying documents for tax filing.;oBeam;lucerne
https://weltvonmorgen-beruf.lu.ch/24_CAD_WB_BBZW;The page discusses a CAD training program for teachers, focusing on the integration of 3D technologies into vocational education.;Autodesk Inventor 2021, CNC-Maschine;lucerne
https://ksreussbuehl.lu.ch/intern;The page provides internal resources for students and teachers, including password management and 2FA instructions.;Sharepoint KSR, 2FA;lucerne
https://steuern.lu.ch/steuererklaerung/steuererklaerung_natp/erklaervideos;The page offers explanatory videos on how to prepare and digitally submit tax returns.;;lucerne
https://weltvonmorgen-beruf.lu.ch/21_Interaktive_Lern_u_Erklaervideos;The page discusses the use of digital learning and explanatory videos to simplify complex processes, replacing traditional written instructions.;Vyond;lucerne
https://darmkrebsvorsorge.lu.ch/Leistungserbringende/Schulung;The page offers training videos for the MC-SIS (Multi-Cancer Screening Information System) software, detailing its modules and daily use.;MC-SIS (Multi-Cancer Screening Information System);lucerne
https://ksalpenquai.lu.ch/service/Kopieren_und_Drucken;The page provides information on the PaperCut software used for printing and copying at the school, including how to manage print jobs and add credit.;PaperCut;lucerne
https://ksalpenquai.lu.ch/ICT;The page provides information on various ICT services and software used at the school, including two-factor authentication (2FA) for Microsoft 365 and the official communication platform Office 365.;Microsoft 365, Office 365, 2FA;lucerne
https://steuern.lu.ch/steuerberaterinnen/stb_at_lohnausweis;The page provides an EDV application to assist employers in creating wage statements.;eLohnausweis SSK;lucerne
https://volksschulbildung.lu.ch/unterricht_organisation/uo_beurteilen/uo_be_zeug_lehreroffice;The page details the functionalities of LehrerOffice, a software for teachers in the Kanton Luzern.;LehrerOffice;lucerne
https://kswillisau.lu.ch/dokumente;The page contains various documents and guidelines, including software installation instructions for BYOD (Bring Your Own Device).;BYOD Software;lucerne
https://ksreussbuehl.lu.ch/service/service_ict_team;The page outlines the responsibilities of the ICT-Team, including software support and administration of various applications.;Sitecore, nanoo.tv, Sharepoint, Office 365;lucerne
https://finanzen.lu.ch/dfi_dienstleistungen/rechnungswesen/e_rechnung/e_rechnung_senden_zentraler_rechnungseingang;The page provides guidelines for sending electronic invoices to the Kanton Luzern, including the use of PDF and SAP systems.;SAP, PDF;lucerne
https://informatik.lu.ch/informationen_fuer_benutzer/passwort_vergessen;The page provides guidelines for password management and 2-Factor Authentication (2-FA) for administrative staff and teachers.;2-Factor Authentication, pwdregister.sso.lu.ch, pwdreset.sso.lu.ch, pwdregister.sso.sluz.ch, pwdreset.sso.sluz.ch;lucerne
https://mse.lu.ch/links/links_internet;The page offers various resources related to internet competence and safety, including links to software for antivirus, FTP, and e-learning.;Lavasoft Ad-aware, Java, Javascript, Flash, Perl, PHP, Smartftp, moodle.org;lucerne
https://geoportal.lu.ch/Geodaten;The page introduces a new Geodatenshop that provides various geospatial data in multiple formats, including Web Map Services (WMS) and Web Feature Services (WFS).;Geodatenshop, WMS, WFS;lucerne
https://www.lu.ch/verwaltung/staatskanzlei/organisation_aufgaben/telefonzentrale;The page provides information about the telephone exchange and includes bedienungsanleitungen (operating instructions) for Alcatel phone models.;Alcatel 4038/4039, Alcatel 8068/8039/8038/8029/8028, Alcatel 8232, Alcatel-Lucent 300+400;lucerne
https://uwe.lu.ch/themen/energie/Betriebsoptimierung/Vorgehensweise_und_Nachweis;The page discusses the procedure and evidence for operational optimization in energy management and mentions various tools and software for the same.;Excel-Tool, Energo, PEIK, Enerprice;lucerne
https://uwe.lu.ch/themen/energie/Betriebsoptimierung/Dokumente_und_Links;The page provides documents and links for legal foundations and tools related to energy optimization, including software tools and their manuals.;Excel-Tool der EnDK, Energo, PEIK;lucerne
https://uwe.lu.ch/themen/abfall/egi;The page provides information on the EGI system, an internet-based EDV program for waste disposal approvals in the Canton of Lucerne. It also includes a user manual for EGI.;EGI;lucerne
https://rawi.lu.ch/down_loads/down_loads_bew;The page provides various forms and documents related to construction. It mentions that web-based eForms can be filled out and submitted electronically using specific browsers. It also includes user manuals for eBAGE.;eBAGE;lucerne
https://ksalpenquai.lu.ch/dokumente/reglemente_co;The page provides various regulations, laws, and guidelines related to education. It includes instructions for the use of IT resources in school and mentions software like Office 365 and schulNetz.;Office 365, schulNetz;lucerne
https://ksalpenquai.lu.ch/;The homepage of Kantonsschule Alpenquai Luzern provides general information about the school and its activities. It includes quick links for students and teachers to access software like schulNetz and M365 (OneDrive / sluz-Mail).;schulNetz, M365;lucerne
https://steuern.lu.ch/steuererklaerung/steuererklaerung_jurp;"The page provides information on tax declaration software for legal entities. It offers downloads for different operating systems and mentions the software ""steuern.lu.2022 jP"" for electronic tax declaration.";steuern.lu.2022 jP;lucerne
https://steuern.lu.ch/steuererklaerung/steuererklaerung_grundstueckgewinnsteuer;The page provides a PDF form for the tax declaration on property gains. It specifies that Adobe Reader or Adobe Acrobat must be installed to view and fill out the form correctly.;Adobe Reader, Adobe Acrobat;lucerne
https://uwe.lu.ch/formulare/PDF_Anzeige_im_Web_Browser;The page provides information on how PDF files are displayed in web browsers. It mentions that modern browsers have an integrated PDF viewer but recommends using Adobe Reader or Adobe Acrobat for certain forms.;Adobe Reader, Adobe Acrobat;lucerne
https://rawi.lu.ch/down_loads/downloads_geo/av_handbuch/av_handbuch_stufe_kanton;The page provides comprehensive guidelines, instructions, and recommendations for official surveying in the Canton of Lucerne. It includes various directives and manuals for data models and technical foundations.;Checkservices, HO33;lucerne
https://www.nw.ch/_rte/publikation/28441;The page provides instructions for installing a hunting application.;Jagdapp;nidwalden
https://www.ow.ch/_rte/publikation/3949;The page provides download links and support information for the tax software for legal entities.;Obwalden Tax;obwalden
https://www.ow.ch/_rte/publikation/31438;The page provides a guide for exporting E-Bilanz CH from ABACUS for import into CleverTax.;ABACUS, CleverTax;obwalden
https://www.ow.ch/_rte/onlinedienst/3964;The page details the electronic tax declaration services for natural and legal persons provided by the Canton of Obwalden.;eTax OW, Obwalden Tax;obwalden
https://www.ow.ch/_rte/publikation/9885;The page provides a user manual for the online portal application regarding property revaluation.;Onlineportal Neuschätzung;obwalden
https://www.ow.ch/_rte/publikation/26152;The page provides a guide for downloading and installing the Obwalden Tax software for legal entities.;Obwalden Tax;obwalden
https://www.sz.ch/verwaltung/bildungsdepartement/amt-fuer-volksschulen-und-sport/unterricht/lern-und-foerdersysteme.html/11898;"The page provides information on the mandatory learning and support systems ""Mindsteps"" and ""Lernpass plus"" for public primary schools.";Mindsteps, Lernpass plus;schwyz
https://www.sz.ch/behoerden/verwaltung/volkswirtschaftsdepartement/amt-fuer-raumentwicklung/ebau.html/11056;"The page describes ""eBau"", an electronic building permit procedure aimed at handling building permit processes electronically in the Canton of Schwyz.";eBau;schwyz
https://www.sz.ch/steuerverwaltung/natuerliche-personen/online-schalter/steuererklaerungs-software/hilfe-und-anleitungen.html/10623;The page provides guidance for switching from the desktop version to the online tax declaration solution and includes technical and subject-specific FAQs.;eTax.sz.ch;schwyz
https://www.sz.ch/finanzdepartement/steuerverwaltung/natuerliche-personen/online-schalter/steuererklaerungs-software.html/10395;"The page details the ""eTax.SZ"" software, which offers an online solution for natural persons to create and submit up to 20 tax declarations digitally, as well as a desktop application for creating an unlimited number of tax declarations.";eTax.SZ;schwyz
https://so.ch/verwaltung/volkswirtschaftsdepartement/amt-fuer-wald-jagd-und-fischerei/fischerei/aktuell/aktuell/news/angelpatente-2023-bestellen-via-webshop-efj2/;The page provides information on ordering fishing licenses for 2023 through the new Webshop EFJ2.;Webshop EFJ2;solothurn
https://so.ch/verwaltung/volkswirtschaftsdepartement/amt-fuer-landwirtschaft/boden-und-bodenrecht/ressourcenprogramm-humus/humusbilanz-tool/;The page describes the Humusbilanz-Tool developed by Agroscope for assessing soil quality in agriculture through humus balance calculations.;Humusbilanz-Tool;solothurn
https://so.ch/verwaltung/finanzdepartement/steueramt/quellensteuer/quellensteuer/online-quellensteuer-abrechnung/;The page provides a guide for employers on how to complete and submit the withholding tax statement online.;Online Quellensteuer-Abrechnung;solothurn
https://so.ch/verwaltung/finanzdepartement/steueramt/informationen/fuer-gemeinden/handbuch-fuer-steuerregisterfuehrer/;The page mentions the ongoing total revision of the manual for tax register managers, with reference to the new tax software NEST.;NEST;solothurn
https://so.ch/verwaltung/finanzdepartement/steueramt/etax-solothurn/;The page provides information on eTax Solothurn, an online platform for filling and submitting tax declarations.;eTax Solothurn;solothurn
https://so.ch/verwaltung/finanzdepartement/grundbuchaemter/elektronisches-grundbuch/;The page details the electronic land register and the application Intercapi, which provides access to land register data for authorized entities.;Intercapi;solothurn
https://so.ch/verwaltung/departement-fuer-bildung-und-kultur/amt-fuer-berufsbildung-mittel-und-hochschulen/it-kompetenzzentrum-abmh/schulungsumgebung-etax/;The page introduces the eTax training environment, designed specifically for schools in the Canton of Solothurn to use as a training resource.;eTax Schulungsumgebung;solothurn
https://so.ch/verwaltung/bau-und-justizdepartement/motorfahrzeugkontrolle/fuer-garagen-partner/prueftermin-reservieren/;The page provides information for garage partners on how to reserve inspection appointments using the cari Online Dispo system.;cari Online Dispo;solothurn
https://so.ch/verwaltung/bau-und-justizdepartement/amt-fuer-umwelt/abfall-chemie/abfallwirtschaft/egi-entsorgungsgenehmigung-via-internet/;The page provides details on EGI, an online system for applying for waste disposal permits.;EGI;solothurn
https://so.ch/verwaltung/finanzdepartement/steueramt/informationen/fuer-gemeinden/steuerabschluss-nest/;The page provides instructions and accounting guidelines for municipalities and church communities for the tax closing process using NEST.;NEST;solothurn
https://so.ch/verwaltung/finanzdepartement/steueramt/etax-solothurn/haeufige-fragen/registrierung-anmeldung/;The page provides a guide on how to register and log in to eTax Solothurn, including steps for account creation and troubleshooting.;eTax Solothurn;solothurn
https://so.ch/verwaltung/bau-und-justizdepartement/amt-fuer-geoinformation/geoportal/video-anleitungen/;The page offers video tutorials for using QGIS software, including data transformation and map creation techniques.;QGIS;solothurn
https://so.ch/staatskanzlei/politische-rechte/fuer-gemeindeverwaltungen-muster-unterlagen/;The page provides templates and documents for municipal administrations to use for political rights activities, such as elections and voting, but does not link to or explain specific software.;;solothurn
https://so.ch/staatskanzlei/eumzug/eumzug/verarbeitung-von-eumzuegen-im-system/;The page provides guidelines for municipalities on processing e-movement reports within the eUmzug system.;eUmzug;solothurn
https://www.sg.ch/wirtschaft-arbeit/pki/hinweise-fuer-benutzer-ejpd-sso-portal.html;The page provides instructions for users on how to activate new cards and switch between Atos and Gemalto cards for the EJPD SSO Portal.;EJPD SSO-Portal, ASTRA, INFOSTAR, ZEMIS;st_gallen
https://www.sg.ch/ueber-den-kanton-st-gallen/statistik/statistikdatenbanken.html;The page discusses two statistical databases, STADA and STADA2, which allow for detailed analysis and presentation of statistical data.;STADA, STADA2;st_gallen
https://www.sg.ch/sicherheit/kantonspolizei/praevention--jugend--cybercrime/cybercrime.html;The page offers preventive tips and advice on cybercrime, including various brochures and checklists for different audiences.;;st_gallen
https://www.sg.ch/recht/staatsanwaltschaft-jugendanwaltschaft/elektronischer-rechtsverkehr-staatsanwaltschaft.html;"The page provides guidance on electronic legal transactions with the prosecutor's office, requiring a qualified signature using ""Open eGov LocalSigner.""";Open eGov LocalSigner;st_gallen
https://www.sg.ch/news/sgch_kantonspolizei/2019/06/kapo-ratgeber--cybercrime---ohne-mich--.html;The page is a guide from the Kantonspolizei St.Gallen on how to avoid becoming a victim of various cybercrime tactics.;;st_gallen
https://www.sg.ch/kultur/staatsarchiv/Oeffentliche-Organe/Fuer-kantonale-Stellen/Prozess.html;"The page outlines the process of record-keeping and archiving, highlighting the use of ""OneGov GEVER"" for digital and analog dossier management.";OneGov GEVER;st_gallen
https://www.sg.ch/bauen/geoinformation/vermessung/kantonschecker.html;The page describes the KantonsChecker (MOCHECKSG), an online service for checking datasets of the official survey in the canton of St.Gallen's data model.;KantonsChecker (MOCHECKSG);st_gallen
https://www.sg.ch/wirtschaft-arbeit/pki/zertifikat-beantragen-verlaengern-loeschen/terminanfrage.html;The page provides a form for users to request appointments for new certificates or to renew, extend, or delete existing PKI certificates.;PKI Smartcard;st_gallen
https://www.sg.ch/wirtschaft-arbeit/pki/zertifikat-beantragen-verlaengern-loeschen.html;The page provides detailed instructions for applying for, renewing, or deleting a PKI certificate, including necessary forms and software requirements.;PKI Smartcard;st_gallen
https://www.sg.ch/wirtschaft-arbeit/pki/wichtige-hinweise-zu-pin-und-puk.html;The page provides important information regarding the handling of PIN and PUK for PKI Smartcards, including instructions for unlocking the cards.;PKI Smartcard;st_gallen
https://www.sg.ch/wirtschaft-arbeit/pki/renewal-software.html;"The page details the software requirements for PKI Smartcards, including ""Gemalto SafeNet Authentication Client"" for card usage, ""PIN Reset"" software for unlocking, and ""Certificate Renewal"" software for extending the card's validity.";Gemalto SafeNet Authentication Client, PIN Reset, Certificate Renewal;st_gallen
https://www.sg.ch/wirtschaft-arbeit/pki/pin-aendern-entsperren-und-informationen.html;"The page provides instructions for changing and unlocking the PIN for PKI Smartcards, as well as accessing card and certificate information using ""SafeNet Authentication Client"" and ""CardOS API.""";SafeNet Authentication Client, CardOS API;st_gallen
https://www.sg.ch/wirtschaft-arbeit/pki/IAM.html;The page provides instructions for using IAM with a PKI card.;IAM;st_gallen
https://www.sg.ch/wirtschaft-arbeit/pki/hinweise-fuer-gemeinden-kantonsspital.html;The page provides guidance for municipalities and hospital employees on using PKI cards and related software.;EJPD SSO-Portal, ASTRA, INFOSTAR, ZEMIS, CardOS;st_gallen
https://www.sg.ch/wirtschaft-arbeit/Etiketto-Mat.html;The page describes the Etiketto-Mat, an Excel-based tool for creating labels, and provides information on how to order it.;Etiketto-Mat;st_gallen
https://www.sg.ch/umwelt-natur/landwirtschaft/lzsg/Beratung/Landtechnik/smart-farming/tierhaltung/schwein/administration-schwein.html;The page discusses software solutions for pig farm management, including herd management and financial analysis.;Reprojournal, SuisDataManager, UFA2000, Pimatec - Martha Software, Livestock Mast;st_gallen
https://www.sg.ch/umwelt-natur/landwirtschaft/lzsg/Beratung/Landtechnik/smart-farming/pflanzenbau/feldkalender.html;The page provides an overview of electronic field calendar software for agricultural management and lists various providers.;AgLeader, Barto, Farmtune, MyJohnDeere, agricircle, eFeldkalender, Hallauer ÖLN, Agraroffice, agro tech, Farmdok, IPS APP Feldkalender, xFarm, Agroplus, Farmsolution, Isagri Geofolia;st_gallen
https://www.sg.ch/steuern-finanzen/steuern/elektronische-steuererklaerung/etaxes-privatpersonen/Support.html;The page offers support for eTaxes, detailing FAQs and guidance for downloading, installing, and troubleshooting the software.;eTaxes;st_gallen
https://www.sg.ch/steuern-finanzen/steuern/elektronische-steuererklaerung/etaxes-privatpersonen/eFiling.html;The page details the eFiling process for tax declarations, which is fully digital and can be done using eTaxes software and the oBeam smartphone app.;eTaxes, oBeam;st_gallen
https://www.sg.ch/steuern-finanzen/steuern/elektronische-steuererklaerung/etaxes-juristische-personen/fragen-antworten-etaxes-unternehmen.html;The page provides a FAQ section for eTaxes software used by companies, addressing system requirements, installation, and other technical queries.;eTaxes;st_gallen
https://www.sg.ch/recht/handelsregister-notariate/handelsregister/online-schalter.html;The page provides instructions for submitting documents to the commercial register online, requiring a qualified electronic signature and the use of LocalSigner.;LocalSigner;st_gallen
https://www.sg.ch/politik-verwaltung/abstimmungen-wahlen/e-voting/anmeldeverfahren.html;The page outlines the registration process for e-voting in the canton of St.Gallen, including a step-by-step guide and the necessary prerequisites.;E-Voting System;st_gallen
https://www.sg.ch/bildung-sport/volksschule/aus-dem-amt/projekte/it-strategie/umsetzung.html;"The page details the implementation of the eGovernment Service ""PUPIL@SG"" for school administration, daily school life, parent communication, and optional day structures and music school, replacing LehrerOffice and Abraxas school administration solutions.";PUPIL@SG;st_gallen
https://www.sg.ch/bauen/geoinformation/gi/geodienste/einbindung.html;The page provides instructions for integrating the geoservices of the Canton of St.Gallen into various GIS systems such as ESRI ArcMap, ArcGIS Pro, ArcGIS Earth, QGIS, and GeoMedia Desktop.;ESRI ArcMap, ArcGIS Pro, ArcGIS Earth, QGIS, GeoMedia Desktop;st_gallen
https://steuerverwaltung.tg.ch/hilfsmittel/efisc-steuererklaerungssoftware/archiv-fisc2010-bis-efisc2013/download-fisc2010.html/3260;The page provides a download for the Fisc2010 software, which includes features for tax declaration, tax calculation, and data import from the previous year.;Fisc2010;thurgau
https://steuerverwaltung.tg.ch/hilfsmittel/efisc-steuererklaerungssoftware/archiv-fisc2010-bis-efisc2013/download-efisc2013.html/3257;The page provides a download for the eFisc2013 software, which offers electronic submission of tax forms and data, along with features such as a detailed securities dialog, data import, and links to useful tax-related resources.;eFisc2013;thurgau
https://steuerverwaltung.tg.ch/hilfsmittel/efisc-steuererklaerungssoftware.html/2958;The page offers downloads for various versions of the eFisc tax declaration software, which is updated annually by the Thurgau Tax Administration for Windows, macOS, and Linux systems.;eFisc (multiple versions);thurgau
https://sportamt.tg.ch/jugend-und-sport/neue-nds.html/14777;The page provides information and download links for the new sports database (NDS) mobile app available on the App Store and Google Play.;neue Datenbank Sport (NDS) App;thurgau
https://rechtsdienst.tg.ch/e-voting/sicherheit-bei-e-voting.html/15010;The page discusses security measures for e-voting, including verification of codes on the voting rights notice and checking the authenticity of the e-voting portal. It also mentions the examination of software against published source code by cantons and external experts.;E-Voting System;thurgau
https://museen.tg.ch/veranstaltungen/detailseite-events.html/11409/event/38969/eventdate/50603;The page details an event where participants can learn to create their own video clips for social media, but does not link to or explain any specific software.;;thurgau
https://kulturamt.tg.ch/kulturpflege/detailseite-events.html/2552/event/38969/eventdate/50603;This page is identical in content to the previous one, detailing the same event on creating video clips for social media without specifying any particular software.;;thurgau
https://bbf.tg.ch/laufende-kurse/kursarchiv-ab-hs-202021/ateliers-hs-202223/gestalte-ein-rezeptbuch-mit-indesign-cc.html/13516;The page describes a course on designing a recipe book using Adobe Indesign CC, providing guidance on layout tools, data merging, and creating an interactive table of contents.;Adobe Indesign CC;thurgau
https://bbf.tg.ch/laufende-kurse/kursarchiv-ab-hs-202021/ateliers-hs-202122/teclab-projekte-im-techniklabor.html/12904;The page details a course at TecLAB, where participants can engage in projects involving 3D-CAD, 3D printing, nanotechnology, bionics, and robotics, and mentions the use of CAD software that participants can continue to use at home.;3D-CAD Software;thurgau
https://bbf.tg.ch/laufende-kurse/kursarchiv-ab-hs-202021/ateliers-hs-202122/gestalte-ein-rezeptbuch-mit-indesign-cc.html/12899;This page is similar to the 8th link, offering a course on creating a recipe book using Adobe Indesign CC, with instructions and videos provided for the design process.;Adobe Indesign CC;thurgau
https://bbf.tg.ch/laufende-kurse/ateliers-fs-2023/teclab-februar-bis-april.html/14344;The page describes a TecLAB course for 3rd and 4th graders on 3D printing, robotics, and programming, where participants learn to program computers, understand 3D printers, and program robots, but does not specify the software used.;;thurgau
https://bbf.tg.ch/laufende-kurse/ateliers-fs-2023/gestalte-ein-rezeptbuch-mit-indesign-cc.html/14356;Similar to previous entries, this page offers a course for 5th to 7th graders on designing a recipe book using Adobe Indesign CC, with a focus on layout, design, and the use of various features within the software.;Adobe Indesign CC;thurgau
https://bbf.tg.ch/ateliers/57-klasse/gestalte-ein-rezeptbuch-mit-indesign-cc-layout.html/14917;This page outlines a course for 5th to 7th graders on creating a recipe book using Adobe Indesign CC, focusing on layout design, including the use of tools for book layout, data merging, and content organization.;Adobe Indesign CC;thurgau
https://steuerverwaltung.tg.ch/hilfsmittel/equest.html/2945;The page provides information about eQuest, a software for electronic tax accounting for employers.;eQuest;thurgau
https://steuerverwaltung.tg.ch/hilfsmittel/efisc-steuererklaerungssoftware/download-efisc2021.html/13114;The page provides a download link for eFisc2021, a tax declaration software for various operating systems.;eFisc2021;thurgau
https://steuerverwaltung.tg.ch/hilfsmittel/efisc-steuererklaerungssoftware/download-efisc2019.html/10120;The page offers a download for eFisc2019, a software for filing tax returns, compatible with multiple operating systems.;eFisc2019;thurgau
https://steuerverwaltung.tg.ch/hilfsmittel/efisc-steuererklaerungssoftware/archiv-fisc2010-bis-efisc2013/download-efisc2012.html/3258;The page provides a download for eFisc2012, a tax declaration software that includes various features to facilitate the completion of tax forms.;eFisc2012;thurgau
https://sportamt.tg.ch/ueber-uns/e-mergeny-notfall-app.html/10964;The page describes the e-mergency Notfall-App, which provides checklists and instructions for emergencies, along with direct dial emergency numbers.;e-mergency Notfall-App;thurgau
https://landwirtschaftsamt.tg.ch/de/downloads-services/formulare-downloads/betriebsstrukturdatenerhebung.html/8590;The page provides various forms and guidelines for agricultural data collection and does not specifically mention a software application.;;thurgau
https://informatik.tg.ch/download/servicedesk.html/5379;The page provides download links and learning videos for various software tools including TeamViewer 15, ky2help, and Bonsai - Datenaustausch-Plattform.;TeamViewer 15,ky2help,Bonsai;thurgau
https://gesundheit.tg.ch/aktuelles/covid-zertifikat-kanton-thurgau.html/12083;The page details the Swiss Covid-Zertifikat system for issuing and verifying Covid certificates, which will be discontinued, and provides information on how to obtain the certificates before the service ends.;Swiss Covid-Zertifikat System;thurgau
https://geoinformation.tg.ch/thurgis/thurgis-mobile-edit.html/13591;The page introduces ThurGIS Mobile Edit, an application for iOS and Android smartphones, as well as a web application named Sabretooth for editing cantonal geodata in the office or in the field.;ThurGIS Mobile Edit,Sabretooth;thurgau
https://erechtsverkehr.tg.ch/html/4041;The page discusses the electronic legal transaction process in the Canton of Thurgau, mentioning the use of SwissID or other signature software for electronic submissions with a qualified electronic signature.;SwissID;thurgau
https://av.tg.ch/themen/edis-tg.html/13470;The page details EdIS-TG, a software solution provided to school communities for managing legally required data, including the SVS school administration system, LehrerOffice for teaching, and ABACUS for financial management.;EdIS-TG,SVS,LehrerOffice,ABACUS;thurgau
https://videos.tg.ch/dienststelle-fuer-kommunikation/aktuelle-videos/video-archiv/2021.html/13657;The page is an archive of videos from 2021 by the Communication Department of Thurgau, including various topics and events, but does not specifically reference or link to any software.;;thurgau
https://umwelt.tg.ch/abwasser-und-anlagensicherheit/abwasser/landwirtschaft-und-gewaesserschutz/hoduflu.html/12780;The page describes HODUFLU, a mandatory software program for recording farm manure flows in Switzerland.;HODUFLU;thurgau
https://steuerverwaltung.tg.ch/informationen/faq/efisc-stuererklaerungssoftware.html/3827;The page provides FAQs and troubleshooting tips for the eFisc tax declaration software, including installation and application issues.;eFisc;thurgau
https://steuerverwaltung.tg.ch/hilfsmittel/formulare.html/10797/product/998;The page offers a downloadable guide for the 2022 tax declaration, but does not directly reference or link to a specific software.;;thurgau
https://steuerverwaltung.tg.ch/hilfsmittel/formulare.html/10797/product/595;The page provides a downloadable guide for forms 17, 17a, 17b for the year 2011, without direct reference to any specific software.;;thurgau
https://steuerverwaltung.tg.ch/hilfsmittel/formulare.html/10797/product/459;The page offers a brief overview guide for the 2017 tax declaration, but does not directly reference or link to a specific software.;;thurgau
https://steuerverwaltung.tg.ch/hilfsmittel/formulare.html/10797/product/420;The page provides a downloadable guide for the questionnaire for farmers for the year 2020, without direct reference to any specific software.;;thurgau
https://steuerverwaltung.tg.ch/hilfsmittel/formulare.html/10797/product/403;The page offers a downloadable guide for the 2020 tax declaration, but does not directly reference or link to a specific software.;;thurgau
https://steuerverwaltung.tg.ch/hilfsmittel/efisc-steuererklaerungssoftware/systemanforderungen/systemanforderungen-efisc2023.html/15273;The page lists the system requirements for the eFisc2023 tax declaration software for various operating systems.;eFisc2023;thurgau
https://steuerverwaltung.tg.ch/hilfsmittel/efisc-steuererklaerungssoftware/systemanforderungen/systemanforderungen-efisc2022.html/14115;The page lists the system requirements for the eFisc2022 tax declaration software for various operating systems.;eFisc2022;thurgau
https://steuerverwaltung.tg.ch/hilfsmittel/efisc-steuererklaerungssoftware/systemanforderungen/systemanforderungen-efisc2021.html/13118;The page lists the system requirements for the eFisc2021 tax declaration software for various operating systems.;eFisc2021;thurgau
https://steuerverwaltung.tg.ch/hilfsmittel/efisc-steuererklaerungssoftware/systemanforderungen/systemanforderungen-efisc2020.html/10906;The page lists the system requirements for the eFisc2020 tax declaration software for various operating systems.;eFisc2020;thurgau
https://steuerverwaltung.tg.ch/hilfsmittel/efisc-steuererklaerungssoftware/systemanforderungen/systemanforderungen-efisc2019.html/10121;The page lists the system requirements for the eFisc2019 tax declaration software for various operating systems.;eFisc2019;thurgau
https://steuerverwaltung.tg.ch/hilfsmittel/efisc-steuererklaerungssoftware/systemanforderungen/systemanforderungen-efisc2017.html/7414;The page lists system requirements for the eFisc2017/2018 tax declaration software.;eFisc;thurgau
https://steuerverwaltung.tg.ch/hilfsmittel/efisc-steuererklaerungssoftware/systemanforderungen/systemanforderungen-efisc2015.html/3250;The page provides system requirements for the eFisc2015 tax declaration software.;eFisc;thurgau
https://steuerverwaltung.tg.ch/hilfsmittel/efisc-steuererklaerungssoftware/systemanforderungen/systemanforderungen-efisc2014.html/3251;This page details the system requirements for the eFisc2014 tax declaration software.;eFisc;thurgau
https://steuerverwaltung.tg.ch/hilfsmittel/efisc-steuererklaerungssoftware/systemanforderungen/systemanforderungen-efisc2013.html/3252;The page outlines the system requirements for the eFisc2013 tax declaration software.;eFisc;thurgau
https://steuerverwaltung.tg.ch/hilfsmittel/efisc-steuererklaerungssoftware/systemanforderungen/sysemanforderungen-efisc2012.html/3253;The page lists system requirements for the eFisc2012 tax declaration software.;eFisc;thurgau
https://steuerverwaltung.tg.ch/hilfsmittel/efisc-steuererklaerungssoftware/download-efisc2022.html/14104;The page provides download links for the eFisc2022 tax declaration software for various operating systems.;eFisc;thurgau
https://steuerverwaltung.tg.ch/hilfsmittel/efisc-steuererklaerungssoftware/download-efisc2020.html/10903;The page offers download options for the eFisc2020 tax declaration software for different operating systems.;eFisc;thurgau
https://steuerverwaltung.tg.ch/hilfsmittel/efisc-steuererklaerungssoftware/download-efisc2018.html/9236;The page provides download links for the eFisc2018 tax declaration software for various operating systems.;eFisc;thurgau
https://steuerverwaltung.tg.ch/hilfsmittel/efisc-steuererklaerungssoftware/download-efisc2016.html/2959;The page offers download files for the eFisc2016 tax declaration software for multiple operating systems.;eFisc;thurgau
https://steuerverwaltung.tg.ch/hilfsmittel/efisc-steuererklaerungssoftware/download-efisc2015.html/2960;The page provides download options for the eFisc2015 tax declaration software for various operating systems.;eFisc;thurgau
https://steuerverwaltung.tg.ch/hilfsmittel/efisc-steuererklaerungssoftware/download-efisc2014.html/2962;The page offers download files for the eFisc2014 tax declaration software for multiple operating systems.;eFisc;thurgau
https://steuerverwaltung.tg.ch/hilfsmittel/efisc-steuererklaerungssoftware/download-efisc-2017.html/7413;The page provides download links for the eFisc2017 tax declaration software for various operating systems.;eFisc;thurgau
https://steuerverwaltung.tg.ch/hilfsmittel/efisc-steuererklaerungssoftware/archiv-fisc2010-bis-efisc2013/download-fisc2011.html/3259;The page provides a download for the Fisc2011 tax declaration software and includes features such as an online guide, tax calculation, and data import from the previous year.;Fisc;thurgau
https://www.ur.ch/_rte/publikation/8972;The page provides a user guide for the geo.ur.ch platform.;geo.ur.ch;uri
https://www.ur.ch/_rte/publikation/18961;The page contains a guide for the AgriGIS application.;AgriGIS;uri
https://www.ur.ch/_rte/publikation/18949;The page offers instructional videos for the AgriGIS application.;AgriGIS;uri
https://www.ur.ch/_rte/anlass/59833;The page details an event where tools for digital collaboration, including Microsoft 365, are discussed.;Microsoft 365;uri
https://zg.ch/de/steuern-finanzen/steuern/natuerliche-personen/steuererklaerung-ausfuellen;The page provides instructions for using the eTax.zug software to electronically file tax returns.;eTax.zug;zug
https://zg.ch/de/steuern-finanzen/steuern/juristische-personen/steuererklaerung-ausfuellen;The page provides instructions for using the eTax.zug software for legal entities to file tax returns electronically or in printed form.;eTax.zug;zug
https://zg.ch/de/natur-umwelt-tiere/wald/bauen-im-und-am-wald;The page provides information on regulations and procedures for construction in and around forest areas but does not mention any specific software for instructions.;;zug
https://zg.ch/de/wirtschaft-arbeit/handelsregister/neueintragung/elektronischer-geschaeftsverkehr;The page provides instructions for electronically submitting documents to the Handelsregisteramt using a qualified electronic signature and mentions the Open eGov LocalSigner software for this purpose.;Open eGov LocalSigner;zug
https://zg.ch/de/planen-bauen/geoinformation/oereb-kataster/anleitung-fuer-benutzungen;The page provides a user manual for the ÖREB-Cadastre within the ZugMap.ch platform.;ÖREB-Cadastre,ZugMap.ch;zug
https://zg.ch/de/news/news~_2021_11_Neues-Online-Portal-fuer-Lotteriefonds--und-Sportfonds-Gesuche-lanciert~;The page announces the launch of a new online portal for applications to the lottery and sports funds, developed by Ascaion AG.;Online-Gesuchsportal (developed by Ascaion AG);zug
https://zg.ch/de/planen-bauen/geoinformation/geoinformationen-erklaert/faq;The page contains frequently asked questions about the use of ZugMap.ch, including instructions for its operation.;ZugMap.ch;zug
https://zg.ch/de/news/news~_2020-ZUPO_8_194---Kanton-Zug--Bei-Anruf-Betrug~;The page is a media release warning about a phone scam leading to fraudulent emails that attempt to steal banking login information. It does not provide instructions for any software.;;zug
https://zg.ch/de/bildung/schulen/gemeindliche-schulen/unterricht/fachgruppen;The page does not provide instructions for any software.;;zug
https://zg.ch/de/steuern-finanzen/steuern/steuererklaerung-hilfe;The page provides guidance on how to electronically submit tax returns using the eTax.zug software for both natural and legal persons.;eTax.zug;zug
https://zg.ch/de/planen-bauen/geoinformation/geoinformationen-nutzen/interaktive-karten-zum-klicken;The page provides instructions and functionalities for using the ZugMap.ch platform, which offers interactive maps and geoinformation services.;ZugMap.ch;zug
https://zg.ch/de/planen-bauen/grundbuch/dienstbarkeiten/dienstbarkeitsplan;The page provides information on creating a servitude plan using the ZugMap.ch platform, which is necessary for the registration of certain rights in the land registry.;ZugMap.ch;zug
https://www.zh.ch/de/steuern-finanzen/steuern/steuern-natuerliche-personen/steuererklaerung-natuerliche-personen.html;The page provides information and access to the online tax declaration software as well as downloadable software for offline tax declaration.;ZHprivateTax;zurich
https://www.zh.ch/de/steuern-finanzen/steuern/quellensteuer/quellensteuer-abrechnen/equest-abrechnen.html;The page provides a guide for using eQuest, an eService of the ZHservices Business platform for online tax accounting.;eQuest;zurich
https://www.zh.ch/de/planen-bauen/tiefbau/strassenanlagen/strassenentwaesserung.html;The page provides guidelines and documentation for the planning and execution of road drainage systems but does not specify any particular software used for these purposes.;;zurich
https://www.zh.ch/de/planen-bauen/tiefbau.html;The page outlines the deep construction (Tiefbau) projects and processes in the Canton of Zurich, including documentation and guidelines for various construction phases, but does not reference specific software.;;zurich
https://www.zh.ch/de/mobilitaet/gesamtverkehrsplanung/verkehrsgrundlagen/verkehrsdaten.html;The page discusses traffic data collection in the Canton of Zurich and mentions the use of a GIS-Browser for public data access, but does not detail specific software for traffic data analysis.;GIS-Browser;zurich
https://www.zh.ch/de/migration-integration/integration/integrationsagenda/online-handbuch-iazh/finanzierung-reporting/reporting-iazh--anleitung-und-erlaeuterungen.html;The page provides instructions for reporting on the use of integration offers within the Canton of Zurich's integration agenda, mentioning the use of fall management software like Tutoris and KLIB, as well as Excel templates for data collection.;Tutoris,KLIB;zurich
https://www.zh.ch/de/bildung/informationen-fuer-schulen/informationen-volksschule/volksschule-schulinfo-besonderer-bildungsbedarf/schulinfo-spitalschulung.html;The page provides guidelines and documentation for hospital schooling within the Canton of Zurich, including the creation of framework concepts and oversight processes, but does not reference specific software for these educational services.;;zurich
https://www.zh.ch/de/bildung/informationen-fuer-schulen/informationen-volksschule/volksschule-fuehrung/volksschule-klassen-stellen-planen/volksschule-schuljahr-planen.html;The page provides various planning and calculation tools for school administration, including tools for job postings and time tracking for school management.;Planungstool,Berechnungstool,Tool für Stellenausschreibung,Medienbruchfreies Zeiterfassungstool,Tool zur Zeiterfassung für Schulleitende;zurich
https://www.zh.ch/de/bildung/berufs-studien-laufbahnberatung/ausbildungsbeitraege/hilfe-beim-beantragen-von-ausbildungsbeitraegen/fuer-zhservices-business-anmelden.html;The page provides a guide for institutions to register for ZHservices Business, a transactional platform for digital administrative tasks, including online applications for educational grants.;ZHservices Business;zurich
https://www.zh.ch/de/wirtschaft-arbeit/wirtschaftsstandort/innovation-sandbox/leitfaden-autonome-systeme.html;The page provides a comprehensive guide for manufacturers on the legal aspects of bringing autonomous systems to market, focusing on regulatory requirements and certifications, but does not specify particular software used in these systems.;;zurich
https://www.zh.ch/de/webangebote-entwickeln-und-gestalten/inhalt/inhalte-gestalten/services-anbieten.html;The page discusses the principles of offering services on the Canton of Zurich's web presence, including creating online forms and providing services through the ZHservices platform, but does not specify particular software for service provision.;ZHservices;zurich
https://www.zh.ch/de/webangebote-entwickeln-und-gestalten/inhalt/designsystem/muster/anleitung.zhweb-noredirect.zhweb-cache.html?node-id=18450%3A170695;The page provides guidelines for creating instructions and checklists within a design system for websites and web applications.;Designsystem for Websites & Webapplikationen;zurich
https://www.zh.ch/de/webangebote-entwickeln-und-gestalten/inhalt/designsystem/komponenten/karte.zhweb-noredirect.zhweb-cache.html?node-id=21161%3A184412;The page details the implementation of a map component within a design system, including features like location pins, zoom functions, and user location integration.;Designsystem for Websites & Webapplikationen;zurich
https://www.zh.ch/de/steuern-finanzen/steuern/treuhaender/steuerbuch/steuerbuch-definition/zstb-109c-3.html;The page is a guideline from the cantonal tax office on preparing tax declarations using electronic tools, mentioning a specific program offered by the cantonal tax office and other commercial products.;Tax declaration software (specific name not provided);zurich
https://www.zh.ch/de/planen-bauen/geoinformation/geodaten/geodatenbezug/kostenlose-geodaten-beziehen.html;The page provides instructions on how to obtain free geodata using the GIS-Browser, including steps for selecting areas, entering delivery addresses, and ordering data.;GIS-Browser;zurich
https://www.zh.ch/de/bildungsdirektion/generalsekretariat-der-bildungsdirektion/bildungsrat/suche-bildungsratsbeschluesse/2016-brb-24-ict-an-zuercher-volksschulen-2022.html;The page discusses a foundational report for the development of school ICT infrastructure, referencing the ICT-Guide for local media and ICT concepts in schools.;ICT-Guide, Lernlupe, Stellwerk;zurich
https://www.zh.ch/de/arbeiten-beim-kanton/fuer-hr-profis/handbuch-personalrecht/definition/datenschutz-sap-hcm/sap-hcm/datenbewirtschaftung-weisung.html;The page contains a directive from the Personnel Office regarding data management in the HR systems PULS-ZH and Cognos, including access rights, data ownership, and data quality control.;PULS-ZH, Cognos;zurich
https://www.zh.ch/en/wirtschaft-arbeit/wirtschaftsstandort/innovation-sandbox/leitfaden-autonome-systeme.html;The page provides comprehensive guidelines for companies developing autonomous systems, focusing on regulatory questions, market entry, certification, and safety standards.;;zurich
https://www.zh.ch/en/wirtschaft-arbeit/wirtschaftsstandort/innovation-sandbox/guideline-autonomous-systems.html;This page continues the guidelines for autonomous systems, detailing the requirements for market entry, certification, and operation of such systems, particularly in relation to Swiss regulations.;;zurich
